Year,Artist,Track,USA,NON USA,Nom,Win,Youtube,M,F,D,I,Alternative rock,Big Band,Blues,Blues rock,Breakbeat,Chanson française,Church music,Classical,Concerto,Country,Country rock,Dance Pop,Disco,Dubstep,Easy Listening,EDM,Electronica,Electro Pop,Folk,Funk,Gospel,Hard rock,Hip Hop,Indie rock,Jazz,Latin Pop,Metal,New Wave,Pop,Pop Rock,R&B Nu Soul,Reggae,Reggaeton,Rock,Rock N Roll,Rock New Wave,Salsa - Afro Cuban,Samba Bossa,Soul,Soul Jazz,Speech,Swing,Traditional pop,Vocal jazz,World,,,,,,
1959,Domenico Modugno,Nel Blu Dipinto Di Blu (Volare),,1,,x,https://www.youtube.com/watch?v=7wWiC0e3b2I,1,,,,,,,,,,,,,,,,,,,,,,,,,,,,,1,,,"0,6",,,,,,,,,,,,,,"0,8",,,,,,,,
1959,Perry Como,Catch a Falling Star,1,,x,,https://www.youtube.com/watch?v=_VJlHWESyLI,1,,,,,,,,,,,,,,,,,,,,,,,,,,,,,,,,"0,7",,,,,,,,,,,,,,1,,,,,,,,
1959,Peggy Lee,Fever,1,,x,,https://www.youtube.com/watch?v=JGb5IweiYG8,,1,,,,,,,,,,,,,,,,,,,,,,,,,,,"0,9",,,,,,,,,,,,,,,,,,,1,,,,,,,
1959,André Previn,Theme to Gigi,1,,x,,https://www.youtube.com/watch?v=hUoCY2e9zgU,,,,1,,,,,,,,,,,,,,,1,,,,,,,,,,1,,,,,,,,,,,,,,,,,,,,,,,,,,
1959,Frank Sinatra,Witchcraft,1,,x,,https://www.youtube.com/watch?v=oFmNgiEgPoQ,1,,,,,1,,,,,,,,,,,,,,,,,,,,,,,"0,7",,,,,,,,,,,,,,,,,,1,"0,7",,,,,,,
1959,David Seville,The Chipmunk Song (Christmas Don't Be Late),1,,x,,https://www.youtube.com/watch?v=NPBCu_q6rMc,1,,,,,,,,,,,,,"0,4",,,,,,,,,"0,6",,,,,,,,,,1,,,,,,,,,,,,,,,,,,,,,,
1960,Johnny Horton,The Battle Of New Orleans,1,,,x,https://www.youtube.com/watch?v=fU5ORT52qco,1,,,,,,,,,,,,,1,,,,,,,,,"0,7",,,,,,,,,,,,,,,,,,,,,,,,"0,6",,,,,,,,
1960,Frank Sinatra,High Hopes,1,,x,,https://www.youtube.com/watch?v=Buq40brGDTY,,,1,,,1,,,,,,,,,,,,,,,,,,,,,,,,,,,"0,8",,,,,,,,,,,,,,1,,,,,,,,
1960,Perry Como,I Know,1,,x,,https://www.youtube.com/watch?v=CQpuMB1c20o,,,1,,,1,,,,,,,,,,,,,,,,,,,,,,,,,,,"0,8",,,,,,,,,,,,,,1,,,,,,,,
1960,André Previn,Like Young,1,,x,,https://www.youtube.com/watch?v=EZKzTMr1M5E,,,,1,,1,,,,,,,,,,,,,"0,4",,,,,,,,,,1,,,,,,,,,,,,,,,,,,,,,,,,,,
1960,Johnny Mathis,Small World,1,,x,,https://www.youtube.com/watch?v=Np_UwCeXm-E,1,,,,,,,,,,,,,,,,,,"0,4",,,,,,,,,,,,,,1,,,,,,,,,,,,,,1,,,,,,,,
1960,Bobby Darin,Mack the Knife,1,,,x,https://www.youtube.com/watch?v=SEllHMWkXEU,1,,,,,1,,,,,,,,,,,,,,,,,,,,,,,1,,,,"0,4",,,,,,,,,,,,,,1,"0,7",,,,,,,
1960,The Browns,The Three Bells,1,,x,,https://www.youtube.com/watch?v=PQPii9YlnOk,,,1,,,,,,,,,,,1,,,,,,,,,,,"0,4",,,,,,,,,,,,,,,,,,,,,,"0,5",,,,,,,,
1960,Elvis Presley,A Fool Such as I,1,,x,,https://www.youtube.com/watch?v=iJ5LQb5PQsc,1,,,,,,,,,,,,,,,,,,,,,,,,,,,,,,,,"0,6","0,4",,,,,"0,4",,,,"0,6",,,,"0,4",,,,,,,,
1961,Ernest Gold,Theme from Exodus,1,,,x,https://www.youtube.com/watch?v=wEPZ1ef2g_A,,,,1,,,,,,,,1,1,,,,,,,,,,,,,,,,,,,,,,,,,,,,,,,,,,,,,,,,,,
1961,Jim Reeves,He'll Have to Go,1,,x,,https://www.youtube.com/watch?v=XcyQkwYkjkU,,,1,,,,,,,,,,,"0,4",,,,,,,,,,,,,,,,,,,"0,8",,,,,,,,,,,,,,1,,,,,,,,
1961,Frank Sinatra,Nice 'n' Easy,1,,x,,https://www.youtube.com/watch?v=e2dDijEJC_g,1,,,,,1,,,,,,,,,,,,,,,,,,,,,,,1,,,,"0,4",,,,,,,,,,,,,,1,"0,7",,,,,,,
1961,Andy Williams,The Second Time Around,1,,x,,https://www.youtube.com/watch?v=tRAxcFdyWSo,1,,,,,"0,7",,,,,,,,,,,,,"0,4",,,,,,,,,,,,,,"0,4",,,,,,,,,,,,,,1,"0,4",,,,,,,
1961,Percy Faith,Theme from A Summer Place,1,,x,,https://www.youtube.com/watch?v=tSsiS-v6_6M,,,,1,,,,,,,,"0,5","0,5",,,,,,1,,,,,,,,,,,,,,,,,,,,,,,,,,,,,,,,,,,,
1961,Elvis Presley,Are You Lonesome Tonight? ,1,,x,,https://www.youtube.com/watch?v=9XVdtX7uSnk,1,,,,,,,,,,,,,"0,3",,,,,,,,,,,,,,,,,,,"0,6",,,,,,,,,,,,"0,4",,"0,6",,,,,,,,
1961,Ray Charles,Georgia on My Mind ,1,,x,,https://www.youtube.com/watch?v=fRgWBN8yt_E,1,,,,,,,,,,,,,,,,,,,,,,,,"0,3",,,,"0,4",,,,,,,,,,,,,,"0,4",,,,1,"0,4",,,,,,,
1961,Ella Fitzgerald,Mack the Knife ,1,,x,,https://www.youtube.com/watch?v=bIYFrCC0WH0,,1,,,,,,,,,,,,,,,,,,,,,,,,,,,1,,,,,,,,,,,,,,,,,"0,8",,1,,,,,,,
1962,Henry Mancini,Moon River,1,,,x,https://www.youtube.com/watch?v=WZ8j-X1hq1I,,,1,,,,,,,,,"0,3","0,3",,,,,,"0,6",,,,,,,,,,,,,,,,,,,,,,,,,,,,"0,8",,,,,,,,
1962,Jimmy Dean,Big Bad John,1,,x,,https://www.youtube.com/watch?v=KnnHprUGKF0,1,,,,,,,,,,,,,"0,7",,,,,,,,,,,,,,,,,,,,,,,,,,,,,,,"0,7",,"0,7",,,,,,,,
1962,Burl Ives,A Little Bitty Tear,1,,x,,https://www.youtube.com/watch?v=M3yKMWaaD9o,,,1,,,,,,,,,,,1,,,,,,,,,"0,4",,,,,,,,,,1,,,,,,,,,,,,,,,,,,,,,,
1962,Jack Jones,Lollipops and Roses,1,,x,,https://www.youtube.com/watch?v=9EAELtJgD6A,1,,,,,,,,,,,"0,4","0,4",,,,,,1,,,,,,,,,,,,,,,,,,,,,,,,,,,,"0,9",,,,,,,,
1962,June Christy,Make Someone Happy,1,,x,,https://www.youtube.com/watch?v=oFJgFBWNwT8,,1,,,,"0,6",,,,,,,,,,,,,,,,,,,,,,,"0,7",,,,,,,,,,,,,,,,,"0,4","0,6",1,,,,,,,
1962,Frank Sinatra,The Second Time Around ,1,,x,,https://www.youtube.com/watch?v=flj80JytK-Q,1,,,,,1,,,,,,"0,4",,,,,,,,,,,,,,,,,,,,,,,,,,,,,,,,,,,1,"0,3",,,,,,,
1962,The Dave Brubeck Quartet,Take Five ,1,,x,,https://www.youtube.com/watch?v=rqCUX3D3cnE,,,,1,,,,,,,,,,,,,,,"0,3",,,,,,,,,,1,,,,,,,,,,,,,,,,,"0,4",,,,,,,,,
1962,Si Zentner,(Up a) Lazy River ,1,,x,,https://www.youtube.com/watch?v=8eCwFFIh-YI,,,,1,,1,,,,,,,,,,,,,"0,4",,,,,,,,,,1,,,,,,,,,,,,,,,,,"0,7",,,,,,,,,
1963,"Sammy Davis, Jr.",What Kind of Fool Am I ? ,1,,,x,https://www.youtube.com/watch?v=lVchmf4M88s,1,,,,,,,,,,,"0,4","0,4",,,,,,"0,4",,,,,,,,,,,,,,,,,,,,,,,,,,,,1,,,,,,,,
1963,Shirley Bassey,As Long as He Needs Me,,1,x,,https://www.youtube.com/watch?v=-vmGoiP1P6w,,1,,,,,,,,,,"0,4","0,4",,,,,,,,,,,,,,,,"0,4",,,,,,,,,,,,,,,,,,1,"0,6",,,,,,,
1963,Tony Bennett,I Left My Heart in San Francisco,1,,x,,https://www.youtube.com/watch?v=SC73kdOL5hk,1,,,,,,,,,,,"0,4","0,4",,,,,,,,,,,,,,,,"0,4",,,,"0,4",,,,,,,,,,,,,,1,"0,6",,,,,,,
1963,Sandy Stewart,My Coloring Book,1,,x,,https://www.youtube.com/watch?v=QkTGbWZdGGg,,1,,,,,,,,,,,,,,,,,"0,4",,,,,,,,,,"0,4",,,,"0,4",,,,,,,,,,,,,,1,"0,6",,,,,,,
1963,Chris Connor,The Sweetest Sounds,1,,x,,https://www.youtube.com/watch?v=ngCfGn5fTVY,,1,,,,1,,,,,,,,,,,,,,,,,,,,,,,1,,,,,,,,,,,,,,,,,1,"0,5",1,,,,,,,
1963, Stan Getz & Charlie Byrd,Desafinado,1,,x,,https://www.youtube.com/watch?v=TFZvzRLPb5E,,,,1,,,,,,,,,,,,,,,"0,6",,,,,,,,,,"0,9",,,,,,,,,,,,,1,,,,,,,,,,,,,
1963,Joe Harnell and His Orchestra,Fly Me to the Moon Bossa Nova ,1,,x,,https://www.youtube.com/watch?v=7NgQkSscF9I,,,,1,,"0,3",,,,,,,,,,,,,1,,,,,,,,,,"0,4",,,,,,,,,,,,,"0,5",,,,"0,3",,,,,,,,,
1963,Ray Charles,I Can't Stop Loving You ,1,,x,,https://www.youtube.com/watch?v=w-YqaTDDCDM,1,,,,,,,,,,,,,,,,,,,,,,,,"0,5",,,,"0,8",,,,,,,,,,,,,,"0,5",,,,"0,8","0,4",,,,,,,
1964,Henry Mancini,Days of Wine and Roses,1,,,x,https://www.youtube.com/watch?v=9TpvTEb4BaQ,,,1,,,,,,,,,"0,4","0,4",,,,,,"0,7",,,,,,,,,,,,,,,,,,,,,,,,,,,,1,,,,,,,,
1964,Frank Sinatra,Call Me Irresponsible,1,,x,,https://www.youtube.com/watch?v=4FiEV3tbXvk,1,,,,,,,,,,,"0,4","0,4",,,,,,,,,,,,,,,,,,,,,,,,,,,,,,,,,,1,"0,6",,,,,,,
1964,Tony Bennett,The Good Life,1,,x,,https://www.youtube.com/watch?v=zJ82mHBtrc8,1,,,,,,,,,,,"0,4","0,4",,,,,,,,,,,,,,,,,,,,,,,,,,,,,,,,,,1,"0,6",,,,,,,
1964,Tony Bennett,I Wanna Be Around,1,,x,,https://www.youtube.com/watch?v=4ml_V7HNIsY,1,,,,,,,,,,,,,,,,,,,,,,,,,,,,"0,7",,,,,,,,,,,,,,,,,,1,"0,7",,,,,,,
1964,Jack Jones,Wives and Lovers,1,,x,,https://www.youtube.com/watch?v=rZ7WT02wFOk,1,,,,,"0,6",,,,,,,,,,,,,,,,,,,,,,,,,,,"0,4",,,,,,,,,,,,,,"0,8","0,7",,,,,,,
1964,The Singing Nun,Dominique ,,1,x,,https://www.youtube.com/watch?v=wIG_GRebHO4,,1,,,,,,,,1,"0,3",,,,,,,,,,,,1,,"0,4",,,,,,,,"0,6",,,,,,,,,,,,,,,,,,,,,,
1964,Barbra Streisand,Happy Days Are Here Again ,1,,x,,https://www.youtube.com/watch?v=QLik_SdEm6Q,,1,,,,,,,,,,"0,4","0,4",,,,,,,,,,,,,,,,,,,,"0,4",,,,,,,,,,,,,,1,,,,,,,,
1965,Louis Armstrong,"Hello, Dolly! ",1,,,x,https://www.youtube.com/watch?v=XurWUn5_S_E,1,,,,,"0,7",,,,,,,,,,,,,,,,,,,,,,,1,,,,,,,,,"0,4",,,,,,,,1,1,"0,9",,,,,,,
1965,The Beatles,A Hard Day's Night,,1,x,,https://www.youtube.com/watch?v=AMSiHdrHl0g,1,,,,,,,,,,,,,,,,,,,,,,,,,,,,,,,,"0,8",1,,,,"0,4","0,4",,,,,,,,,,,,,,,,
1965,Andy Williams,Dear Heart,1,,x,,https://www.youtube.com/watch?v=fo6J--x-M7s,1,,,,,,,,,,,"0,4","0,4",,,,,,"0,7",,,,,,,,,,,,,,,,,,,,,,,,,,,,1,"0,6",,,,,,,
1965,Barbra Streisand,People,1,,x,,https://www.youtube.com/watch?v=D8L-lrqm1vk,,1,,,,,,,,,,"0,4","0,4",,,,,,"0,4",,,,,,,,,,,,,,"0,6",,,,,,,,,,,,,,"0,9",,,,,,,,
1965,Tony Bennett,Who Can I Turn To?,1,,x,,https://www.youtube.com/watch?v=95dANDYwcms,1,,,,,,,,,,,"0,4","0,4",,,,,,"0,4",,,,,,,,,,"0,4",,,,,,,,,,,,,,,,,,1,"0,6",,,,,,,
1965,Astrud Gilberto & Stan Getz,The Girl from Ipanema,1,1,,x,https://www.youtube.com/watch?v=8PYKOo_jgJo,,1,,,,,,,,,,,,,,,,,"0,6",,,,,,,,,,"0,9",,,,,,,,,,,,,1,,,,,,"0,4","0,2",,,,,,
1965,Petula Clark,Downtown ,,1,x,,https://www.youtube.com/watch?v=z_m4Qb0iW-o,,1,,,,"0,6",,,,,,,,,,,,,,,,,,,,,,,,,,,1,,,,,,,,,,,,,,"0,4",,,,,,,,
1965,The Beatles,I Want to Hold Your Hand ,,1,x,,https://www.youtube.com/watch?v=v1HDt1tknTc,1,,,,,,,,,,,,,,,,,,,,,,,,,,,,,,,,"0,7",1,,,,1,"0,3",,,,,,,,,,,,,,,,
1966,Tony Bennett,The Shadow of Your Smile,1,,,x,https://www.youtube.com/watch?v=mP2ZaQ7Wq24,1,,,,,,,,,,,"0,4","0,4",,,,,,"0,4",,,,,,,,,,"0,4",,,,,,,,,,,,,,,,,,1,"0,6",,,,,,,
1966,Connie Francis,I Will Wait for You,1,,x,,https://www.youtube.com/watch?v=Mi57d50pCUw,,1,,,,,,,,,,"0,4","0,4",,,,,,"0,4",,,,,,,,,,"0,4",,,,,,,,,,,,,,,,,,1,"0,6",,,,,,,
1966,Frank Sinatra,The September of My Years,1,,x,,https://www.youtube.com/watch?v=oD87obuUgUk,1,,,,,,,,,,,"0,4","0,4",,,,,,"0,4",,,,,,,,,,"0,4",,,,,,,,,,,,,,,,,,1,"0,6",,,,,,,
1966,The Beatles,Yesterday,,1,x,,https://www.youtube.com/watch?v=fCV9oqtwyVA,1,,,,,,,,,,,"0,5",,,,,,,,,,,"0,8",,,,,,,,,,1,,,,,,,,,,,,,,"0,4",,,,,,,,
1966,Roger Miller,King of the Road,1,,x,,https://www.youtube.com/watch?v=7HBQFjoqDYE,1,,,,,,,,,,,,,"0,9",,,,,,,,,,,,,,,,,,,"0,7",,,,,,,,,,,,,,"0,4",,,,,,,,
1966,Herb Alpert and the Tijuana Brass,A Taste of Honey,1,,,x,https://www.youtube.com/watch?v=eFEqhlGWVXk,,,,1,,"0,4",,,,,,,,,,,,,"0,8",,,,,,,,,,"0,5","0,4",,,,,,,,,,,,,,,,,,,,,,,,,
1966,The Ramsey Lewis Trio,The 'In' Crowd,1,,x,,https://www.youtube.com/watch?v=--3tyzPT7XA,,,,1,,,,,,,,,,,,,,,"0,3",,,,,,,,,,"0,8",,,,,,,,,,,,,,,1,,"0,4",,,,,,,,,
1967,The Beatles,Michelle,,1,,x,https://www.youtube.com/watch?v=WoBLi5eE-wY,1,,,,,,,,,,,,,,,,,,,,,,"0,7",,,,,,,,,,1,,,,,,,,,,,,,,,,,,,,,,
1967,Andy Williams,Born Free,1,,x,,https://www.youtube.com/watch?v=RZHaQ3C3xQo,1,,,,,"0,4",,,,,,"0,4","0,4",,,,,,"0,4",,,,,,,,,,"0,4",,,,,,,,,,,,,,,,,,1,"0,6",,,,,,,
1967,Richard Kiley,The Impossible Dream,1,,x,,https://www.youtube.com/watch?v=ViBxOEegiuU,1,,,,,,,,,,,"0,4","0,4",,,,,,,,,,,,,,,,,,,,,,,,,,,,,,,,,,1,,,,,,,,
1967,Ray Conniff,"Somewhere, My Love",1,,x,,https://www.youtube.com/watch?v=1thos17eJ0c,,,1,,,,,,,,,,,,,,,,"0,4",,,,"0,4",,,,,,,,,,"0,8",,,,,,,,,,,,,,1,,,,,,,,
1967,Frank Sinatra,Strangers in the Night,1,,x,,https://www.youtube.com/watch?v=h5h_EW4odWw,1,,,,,"0,4",,,,,,"0,4","0,5",,,,,,,,,,,,,,,,,,,,"0,4",,,,,,,,,,,,,,1,1,,,,,,,
1967,David Houston,Almost Persuaded ,1,,x,,https://www.youtube.com/watch?v=RHpBMOrgvco,1,,,,,,,,,,,,,1,,,,,,,,,,,,,,,,,,,"0,4",,,,,,,,,,,,,,"0,6",,,,,,,,
1967,The Mamas & the Papas,"Monday, Monday ",1,,x,,https://www.youtube.com/watch?v=gf6X_OZiOwk,,,1,,,,,,,,,,,,,,,,,,,,"0,8",,"0,2",,,,,,,,1,"0,3",,,,,,,,,,,,,,,,,,,,,
1967,Herb Alpert and the Tijuana Brass,What Now My Love ,1,,x,,https://www.youtube.com/watch?v=dKh-oGdBkAc,,,,1,,"0,4",,,,,,,,,,,,,"0,8",,,,,,,,,,"0,5","0,4",,,,,,,,,,,,"0,4",,,,,,,,,,,,,
1967,The New Vaudeville Band,Winchester Cathedral ,1,,x,,https://www.youtube.com/watch?v=HKaSWDJyTLE,1,,,,,,,,,,,,,,,,,,,,,,"0,3",,,,,,,,,,1,"0,3",,,,,,,,,,,,,,,,,,,,,
1968,The 5th Dimension,"Up, Up, and Away",1,,,x,https://www.youtube.com/watch?v=2qdCuzjAGmA,,,1,,,"0,8",,,,,,,,,,,,,"0,3",,,,,,,,,,"0,4",,,,"0,5",,,,,,,,,,,"0,7",,,"0,4","0,7",,,,,,,
1968,Glen Campbell,By the Time I Get to Phoenix,1,,x,,https://www.youtube.com/watch?v=7y1hrOpVGKE,1,,,,,,,,,,,"0,3","0,3","0,4",,,,,"0,4",,,,"0,4",,,,,,,,,,"0,7",,,,,,,,,,,,,,1,,,,,,,,
1968,Ed Ames,My Cup Runneth Over,1,,x,,https://www.youtube.com/watch?v=xvaQisHV8jw,1,,,,,,,,,,,"0,4","0,4",,,,,,"0,4",,,,,,"0,4",,,,,,,,"0,6",,,,,,,,,,,,,,1,,,,,,,,
1968,Bobbie Gentry,Ode to Billie Joe,1,,x,,https://www.youtube.com/watch?v=-_E3UIeZUCs,,1,,,,,,,,,,"0,3","0,3",,,,,,,,,,"0,8",,,,,,,,,,"0,6",,,,,,,,,,"0,7",,,,,,,,,,,,
1968,Glen Campbell,Gentle on My Mind,1,,x,,https://www.youtube.com/watch?v=mfMnNqn-hKg,1,,,,,,,,,,,,,1,,,,,,,,,1,,,,,,,,,,"0,7",,,,,,,,,,,,,,,,,,,,,,
1968,Nancy Sinatra & Frank Sinatra,Somethin' Stupid,1,,,,https://www.youtube.com/watch?v=0f48fpoSEPU,,,1,,,,,,,,,,,,,,,,,,,,,,,,,,,,,,"0,6",,,,,,,,,,,,,,1,"0,31",,,,,,,
1969,O.C. Smith,Little Green Apples ,1,,,x,https://www.youtube.com/watch?v=B6UJOb4oVfU,,,1,,,"0,4",,,,,,,,,,,,,,,,,,,,,,,,,,,1,,,,,,,,,,,"0,3",,,"0,6",,,,,,,,
1969,Jeannie C. Riley,Harper Valley PTA,1,,x,,https://www.youtube.com/watch?v=EHhDtwSZWYs,,1,,,,,,,,,,,,1,,,,,,,,,"0,7",,,,,,,,,,1,,,,,,,,,,,,,,,,,,,,,,
1969,The Beatles,Hey Jude,,1,x,,https://www.youtube.com/watch?v=bkApuQWCPdM,1,,,,,,,"0,5",,,,,,,,,,,,,,,,,"0,5",,,,,,,,1,1,,,,,,,,,,,,,,,,,,,,,
1969,Bobby Goldsboro,Honey,1,,x,,https://www.youtube.com/watch?v=ZuuH2lnyizM,1,,,,,,,,,,,,,"0,4",,,,,"0,4",,,,,,,,,,,,,,"0,8",,,,,,,,,,,,,,"0,9",,,,,,,,
1969,Simon & Garfunkel,Mrs. Robinson,1,,x,,https://www.youtube.com/watch?v=9C1BCAgu2I8,1,,,,,,,,,,,,,,,,,,,,,,1,,,,,,,,,,1,"0,6",,,,,,,,,,,,,,,,,,,,,
1969,Glen Campbell,Wichita Lineman,1,,x,,https://www.youtube.com/watch?v=Q8P_xTBpAcY,1,,,,,,,,,,,,,"0,3",,,,,,,,,"0,4",,,,,,,,,,"0,7",,,,,,,,,,,,,,"0,7",,,,,,,,
1970,Joe South,Games People Play,1,,,x,https://www.youtube.com/watch?v=vDeVonv3kY0,1,,,,,,,,,,,,,"0,3",,,,,,,,,1,,,,,,,,,,"0,8",1,,,,"0,6",,,,,,,,,,,,,,,,,
1970,Henry Mancini,A Time For Us,1,,x,,https://www.youtube.com/watch?v=GIWV7ReKYAk,,,,1,,,,,,,,"0,8","0,8",,,,,,1,,,,,,,,,,,,,,,,,,,,,,,,,,,,"0,4",,,,,,,,
1970,"Blood, Sweat & Tears",Spinning Wheel,1,,x,,https://www.youtube.com/watch?v=SFEewD4EVwU,1,,,,,1,"0,5",,,,,,,,,,,,,,,,,"0,5",,,,,"0,4",,,,"0,4","0,5",,,,,,,,,1,"0,8",,,,,,,,,,,
1970,Dionne Warwick,I'll Never Fall in Love Again,1,,x,,https://www.youtube.com/watch?v=tbBD_pDLv_o,,1,,,,,,,,,,,,,,,,,,,,,,,,,,,,,,,"0,9",,,,,,,,,,"0,7",,,,"0,7",,,,,,,,
1970,B. J. Thomas,Raindrops Keep Fallin' on My Head,1,,x,,https://www.youtube.com/watch?v=hziG9Nr6KHU,1,,,,,,,,,,,,,,,,,,,,,,,,,,,,"0,4",,,,1,,,,,,,,,,,,,,"0,8","0,4",,,,,,,
1970,The 5th Dimension,Aquarius/Let the Sunshine In,1,,,x,https://www.youtube.com/watch?v=06X5HYynP5E,,,1,,,,,,,,,,,,,,,,,,,,,,"0,6",,,,,,,,1,"0,5",,,,,,,,,"0,6",,,,,,,,,,,,
1970,Johnny Cash,A Boy Named Sue ,1,,x,,https://www.youtube.com/watch?v=_Gbtm-93oqE,1,,,,,,,,,,,,,1,"0,6",,,,,,,,,,,,,,,,,,,"0,4",,,,,"0,2",,,,,,"0,2",,,,,,,,,,
1970,Peggy Lee,Is That All There Is? ,1,,x,,https://www.youtube.com/watch?v=3sWTnsemkIs,,1,,,,,,,,,,,,,,,,,"0,3",,,,,,,,,,"0,3",,,,,,,,,,,,,,,,"0,2",,1,"0,4",,,,,,,
1971,Simon & Garfunkel,Bridge over Troubled Water,1,,,x,https://www.youtube.com/watch?v=H_a46WJ1viA,1,,,,,,,,,,,"0,4","0,4",,,,,,,,,,"0,6",,,,,,,,,,1,,,,,,,,,,,,,,"0,3",,,,,,,,
1971,Ray Stevens,Everything Is Beautiful,1,,x,,https://www.youtube.com/watch?v=vTfoY4g0GZM,1,,,,,,,,,,,,,"0,6",,,,,,,,,,,"0,8",,,,,,,,"0,6",,,,,,,,,,"0,6",,,,"0,3",,,,,,,,
1971,James Taylor,Fire and Rain,1,,x,,https://www.youtube.com/watch?v=N8u8tASPtwg,1,,,,,,,,,,,,,"0,6",,,,,,,,,1,,,,,,,,,,"0,8",,,,,,,,,,,,,,,,,,,,,,
1971,The Beatles,Let it Be,,1,x,,https://www.youtube.com/watch?v=HzvDofigTKQ,1,,,,,,,"0,6",,,,,,,,,,,,,,,,,"0,7",,,,,,,,1,"0,8",,,,"0,5",,,,,,,,,,,,,,,,,
1971,The Carpenters,We've Only Just Begun,1,,x,,https://www.youtube.com/watch?v=8JgEptmz_eE,,,1,,,,,,,,,,,,,,,,"0,3",,,,,,,,,,,,,,1,"0,6",,,,,,,,,,,,,"0,3",,,,,,,,
1971,The Carpenters,(They Long to Be) Close to You,1,,x,,https://www.youtube.com/watch?v=tT86AoSGEL8,,,1,,,,,,,,,,,,,,,,"0,3",,,,,,,,,,,,,,1,,,,,,,,,,,,,,"0,3","0,2",,,,,,,
1972,James Taylor & Carole King,You've Got a Friend,1,,,x,https://www.youtube.com/watch?v=FdPAjKkU8u0,,,1,,,,,,,,,,,"0,3",,,,,"0,3",,,,"0,7",,,,,,,,,,1,"0,4",,,,,,,,,,,,,,,,,,,,,
1972,Kris Kristofferson,Help Me Make It Through the Night,1,,x,,https://www.youtube.com/watch?v=CksF7Kr7Drw,1,,,,,,,,,,,,,1,,,,,,,,,1,,,,,,,,,,"0,6",,,,,,,,,,,,,,,,,,,,,,
1972,Perry Como,It's Impossible,1,,x,,https://www.youtube.com/watch?v=tMMHCI44oYs,1,,,,,,,,,,,"0,3","0,3",,,,,,"0,4",,,,,,,,,,"0,4",,,,,,,,,,,,,,,,,,1,"0,6",,,,,,,
1972,Janis Joplin,Me and Bobby McGee,1,,x,,https://www.youtube.com/watch?v=sfjon-ZTqzU,,1,,,,,,1,,,,,,"0,4",,,,,,,,,"0,4",,,,,,,,,,,"0,4",,,,"0,4","0,4",,,,,,,,,,,,,,,,
1972,Lynn Anderson,(I Never Promised You a) Rose Garden,1,,x,,https://www.youtube.com/watch?v=KXHsWBKKNbI,,1,,,,,,,,,,,,1,,,,,,,,,,,,,,,,,,,"0,6",,,,,,,,,,,,,,"0,6",,,,,,,,
1972,Carole King,It's Too Late,1,,,x,https://www.youtube.com/watch?v=VkKxmnrRVHo,,1,,,,,,,,,,,,,,,,,,,,,,,,,,,"0,2",,,,"0,3",,,,,,,,,,"0,4","0,8",,,,,,,,,,,
1972,Three Dog Night,Joy to the World,1,,,,https://www.youtube.com/watch?v=kyI1OImD7ow,1,,,,,,,"0,5",,,,,,,,,,,,,,,,,,,,,,,,,,1,,,,"0,8","0,5",,,,"0,3",,,,,,,,,,,,
1972,George Harrison,My Sweet Lord,,1,,,https://www.youtube.com/watch?v=SP9wms6oEMo,1,,,,,,,,,,,,,,,,,,,,,,"0,6",,"0,6",,,,,,,,"0,7","0,8",,,,"0,5",,,,,,,,,,,,,,,,,
1972,Isaac Hayes,Theme from Shaft,1,,,,https://www.youtube.com/watch?v=Q429AOpL_ds,1,,,,,,,,,,,,,,,,,,,,,,,"0,4",,,,,,,,,,,,,,,,,,,1,"0,6",,,,,,,,,,,
1973,Roberta Flack,The First Time Ever I Saw Your Face,1,,,x,https://www.youtube.com/watch?v=VqW-eO3jTVU,,1,,,,,,,,,,,,,,,,,,,,,,,,,,,,,,,,,,,,,,,,,"0,5","0,3",,,"0,6","0,9",,,,,,,
1973,Gilbert O'Sullivan,Alone Again (Naturally),,1,x,,https://www.youtube.com/watch?v=8ELnhjGw4Zs,1,,,,,,,,,,,,,,,,,,"0,4",,,,"0,7",,,,,,,,,,1,,,,,,,,,,,,,,"0,6",,,,,,,,
1973,Don McLean,American Pie,1,,x,,https://www.youtube.com/watch?v=iX_TFkut1PM,1,,,,,,,,,,,,,"0,4",,,,,,,,,"0,7",,,,,,,,,,"0,7",1,,,,,"0,3",,,,,,,,,,,,,,,,
1973,Neil Diamond,Song Sung Blue,1,,x,,https://www.youtube.com/watch?v=1cqy4bmYOBI,1,,,,,,,,,,,"0,3","0,3",,,,,,,,,,"0,7",,,,,,,,,,1,"0,4",,,,,,,,,,,,,"0,7",,,,,,,,
1973,Michel Legrand,The Summer Knows,,1,x,,https://www.youtube.com/watch?v=ez26Y0cM1rM,,,,1,,,,,,,,1,,,,,,,"0,4",,,,,,,,,,,,,,,"0,4",,,,,,,,,,,,,,,,,,,,,
1973,Nilsson,Without You,1,,x,,https://www.youtube.com/watch?v=G-ZDKirjQgM,1,,,,,,,,,,,,,,,,,,,,,,,,,,,,,,,,1,"0,3",,,,,,,,,,,,,"0,2",,,,,,,,
1974,Roberta Flack,Killing Me Softly with His Song,1,,,x,https://www.youtube.com/watch?v=l2n167F0eBc,,1,,,,,,,,,,,,,,,,,,,,,,,,,,,,,,,"0,7",,,,,,,,,,1,,,,"0,3","0,4",,,,,,,
1974,Charlie Rich,Behind Closed Doors,1,,x,,https://www.youtube.com/watch?v=WHaLjPP4bok,1,,,,,,,,,,,,,1,,,,,,,,,,,,,,,,,,,"0,6",,,,,,,,,,,,,,,,,,,,,,
1974,Stevie Wonder,You Are the Sunshine of My Life,1,,x,,https://www.youtube.com/watch?v=SbenaOqv4yQ,1,,,,,,,,,,,,,,,,,,,,,,,,,,,,,,,,"0,7",,,,,,,,,,1,,,,,,,,,,,,
1974,Carly Simon,You're So Vain,1,,x,,https://www.youtube.com/watch?v=cleCtBP0o5Y,,1,,,,,,,,,,,,,,,,,,,,,,,,,,,,,,,1,"0,7",,,,"0,4",,,,,,,,,,,,,,,,,
1974,Dawn featuring Tony Orlando,Tie a Yellow Ribbon Round the Ole Oak Tree,1,,x,,https://www.youtube.com/watch?v=PxG9XFqHSFw,,,1,,,,,,,,,,,,,,,,,,,,"0,6",,,,,,,,,,1,"0,5",,,,,,,,,,,,,,,,,,,,,
1974,Jim Croce,"Bad, Bad Leroy Brown",1,,x,,https://www.youtube.com/watch?v=QvwDohEEQ1E,,,1,,,,,,,,,,,,1,,,,,,,,,,,,,,,,,,"0,8",1,,,,"0,5","0,5",,,,,,,,,,,,,,,,
1975,Barbra Streisand,The Way We Were,1,,,x,https://www.youtube.com/watch?v=BJjVlEG8WHM,,1,,,,,,,,,,,"0,3",,,,,,,,,,,,,,,,,,,,1,,,,,,,,,,,,,,"0,7",,,,,,,,
1975,Roberta Flack,Feel Like Makin' Love,1,,x,,https://www.youtube.com/watch?v=ySlLq9t2qgc,,1,,,,,,,,,,,,,,,,,,,,,,,,,,,,,,,"0,4",,,,,,,,,,1,,,,,,,,,,,,
1975,Olivia Newton-John,I Honestly Love You,,1,x,,https://www.youtube.com/watch?v=bCcKg2asm9k,,1,,,,,,,,,,,,,,,,,,,,,,,,,,,,,,,1,,,,,,,,,,,,,,"0,4",,,,,,,,
1975,Maria Muldaur,Midnight at the Oasis,1,,x,,https://www.youtube.com/watch?v=3gKnnb24Eso,,1,,,,,,,,,,,,"0,3",,,,,,,,,"0,6",,,,,,,,,,1,"0,5",,,,,,,,,,,,,,,,,,,,,
1975,Helen Reddy,You and Me Against the World,,1,x,,https://www.youtube.com/watch?v=4sPgu3nGDrk,,1,,,,,,,,,,"0,4",,,,,,,,,,,,,,,,,,,,,"0,6",,,,,,,,,,,,,,1,,,,,,,,
1975,Elton John,Don't Let the Sun Go Down on Me,,1,x,,https://www.youtube.com/watch?v=QxuqWG-Hxgo,1,,,,,,,,,,,,,,,,,,,,,,,,,,,,,,,,1,"0,7",,,,,,,,,,,,,"0,3",,,,,,,,
1975,Joni Mitchell,Help Me,,1,x,,https://www.youtube.com/watch?v=XOEE-kR-Txg,,1,,,,,,,,,,,,,,,,,,,,,"0,6",,,,,,,,,,,"0,5",,,,,,,,,"0,7","0,6",,,,,,,,,,,
1976,Judy Collins,Send in the Clowns,1,,,x,https://www.youtube.com/watch?v=8L6KGuTr9TI,,1,,,,,,,,,,"0,3","0,4",,,,,,,,,,,,,,,,,,,,"0,7",,,,,,,,,,,,,,"0,9",,,,,,,,
1976,Janis Ian,At Seventeen,1,,x,,https://www.youtube.com/watch?v=In76XE4N_9w,,1,,,,,,,,,,,,,,,,,,,,,1,,,,,,,,,,1,,,,,,,,,,,,,,,,,,,,,,
1976,Morris Albert,Feelings,,1,x,,https://www.youtube.com/watch?v=EbLBmru7BoM,1,,,,,,,,,,,"0,3","0,3",,,,,,,,,,"0,4",,,,,,,,,,1,,,,,,,,,,,,,,"0,6",,,,,,,,
1976,Captain & Tennille,Love Will Keep Us Together,1,,x,,https://www.youtube.com/watch?v=0aU57V6VBW0,,1,,,,,,,,,,,,,,"0,4",,,,,,,,,,,,,,,,,1,"0,7",,,,,,,,,,,,,,,,,,,,,
1976,Glen Campbell,Rhinestone Cowboy,1,,x,,https://www.youtube.com/watch?v=zH24TOGX374,1,,,,,,,,,,,,,1,,,,,,,,,,,,,,,,,,,1,,,,,,,,,,,,,,"0,4",,,,,,,,
1976,Barry Manilow,Mandy,1,,x,,https://www.youtube.com/watch?v=aGfcD5qycQY,1,,,,,,,,,,,,,,,,,,,,,,,,,,,,,,,,1,"0,4",,,,,,,,,,,,,"0,6",,,,,,,,
1976,The Eagles,Lyin' Eyes,1,,x,,https://www.youtube.com/watch?v=5-NlR54PqLw,1,,,,,,,,,,,,,,,,,,,,,,"0,7",,,,,,,,,,"0,7",1,,,,"0,6",,,,,,,,,,,,,,,,,
1977,Barry Manilow,I Write the Songs,1,,,x,https://www.youtube.com/watch?v=934QpLtK05s,1,,,,,,,,,,,,,,,,,,,,,,,,,,,,,,,,1,,,,,,,,,,,,,,"0,4",,,,,,,,
1977,Starland Vocal Band,Afternoon Delight,1,,x,,https://www.youtube.com/watch?v=MFxHqdBRkmQ,,,1,,,,,,,,,,,"0,3",,,,,,,,,"0,4",,,,,,,,,,1,"0,4",,,,,,,,,,,,,,,,,,,,,
1977,Neil Sedaka,Breaking Up Is Hard to Do,1,,x,,https://www.youtube.com/watch?v=2M584bP_FeE,1,,,,,,,,,,,,,,,,,,,,,,,,,,,,,,,,1,"0,5",,,,,"0,3",,,,"0,3",,,,"0,3",,,,,,,,
1977,George Benson,This Masquerade,1,,x,,https://www.youtube.com/watch?v=qRK1thBLVbk,1,,,,,,,,,,,,,,,,,,,,,,,,,,,,"0,5",,,,,,,,,,,,,,1,"0,7",,,,,,,,,,,
1977,Gordon Lightfoot,The Wreck of the Edmund Fitzgerald,1,,x,,https://www.youtube.com/watch?v=PH0K6ojmGZA,1,,,,,,,"0,5",,,,,,,,,,,,,,,1,,,,,,,,,,,"0,4",,,,,,,,,,,,,,,,,,,,,
1977,Paul Simon,50 Ways to Leave Your Lover,1,,x,,https://www.youtube.com/watch?v=ABXtWqmArUU,1,,,,,,,,,,,,,,,,,,,,,,,"0,3",,,,,,,,,1,"0,7",,,,,,,,,"0,2",,,,,,,,,,,,
1977,Chicago,If You Leave Me Now,1,,x,,https://www.youtube.com/watch?v=h2ctzDAREDI,1,,,,,,,,,,,"0,2",,,,,,,,,,,"0,4",,,,,,,,,,"0,8","0,6",,,,,,,,,,,,,,,,,,,,,
1978,Barbra Streisand,Evergreen (Love Theme from A Star Is Born),1,,,x,https://www.youtube.com/watch?v=feXxH-oftuo,,1,,,,,,,,,,,,,,,,,,,,,,,,,,,,,,,"0,8",,,,,,,,,,,,,,1,,,,,,,,
1978,Debby Boone,You Light Up My Life,1,,,x,https://www.youtube.com/watch?v=AOShEUn0aA4,,1,,,,,,,,,,,,,,,,,,,,,,,,,,,,,,,"0,8",,,,,,,,,,,,,,1,,,,,,,,
1978,Crystal Gayle,Don't It Make My Brown Eyes Blue,1,,x,,https://www.youtube.com/watch?v=uAVsi_ieztE,,1,,,,,"0,5",,,,,,,,,,,,,,,,,,,,,,,,,,"0,7",,,,,,,,,,,,,,"0,4","0,6",,,,,,,
1978,The Eagles,Hotel California,1,,x,,https://www.youtube.com/watch?v=oW4sD12V4u8,1,,,,,,,"0,6",,,,,,,,,,,,,,,,,,,,,,,,,,"0,8",,,,"0,6",,,,,,,,,,,,,,,,,
1978,Carly Simon,Nobody Does It Better,1,,x,,https://www.youtube.com/watch?v=uWWwKDttHnM,,1,,,,,,,,,,,,,,,,,,,,,,,,,,,,,,,1,"0,7",,,,,,,,,,,,,"0,4",,,,,,,,
1978,Glen Campbell,Southern Nights,1,,x,,https://www.youtube.com/watch?v=arFyd1A5-uM,1,,,,,,,,,,,,,1,,,,,,,,,,,,,,,,,,,1,"0,4",,,,,,,,,,,,,,,,,,,,,
1978,Linda Ronstadt,Blue Bayou,1,,x,,https://www.youtube.com/watch?v=_qqvdOwoN-Y,,,,,,,,,,,,,,,,,,,,,,,,,,,,,,,,,,,,,,,,,,,,,,,,,,,,,,,
1979,Billy Joel,Just the Way You Are,1,,,x,https://www.youtube.com/watch?v=HaA3YZ6QdJU,1,,,,,,,,,,,,,,,,,,,,,,,,,,,,,,,,1,"0,4",,,,,,,,,,,,,"0,4",,,,,,,,
1979,Bee Gees,Stayin' Alive,1,,x,,https://www.youtube.com/watch?v=fNFzfwLM72c,1,,,,,,,,,,,,,,,,1,,,,,,,,,,,,,,,,"0,4",,,,,,,,,,,,,,,,,,,,,,
1979,The Commodores,Three Times a Lady,1,,x,,https://www.youtube.com/watch?v=3qTPVS1uiQ0,1,,,,,,,,,,,,,,,,,,,,,,,,,,,,,,,,"0,7",,,,,,,,,,"0,7",,,,,,,,,,,,
1979,Neil Diamond & Barbra Streisand,You Don't Bring Me Flowers,1,,x,,https://www.youtube.com/watch?v=Z3yu2c-0_w4,,,1,,,,,,,,,"0,3",,,,,,,,,,,,,,,,,,,,,1,,,,,,,,,,,,,,"0,8",,,,,,,,
1979,Anne Murray,You Needed Me,1,,x,,https://www.youtube.com/watch?v=-X79Jko9bBI,,1,,,,,,,,,,,,,,,,,,,,,,,,,,,,,,,1,,,,,,,,,,,,,,"0,6",,,,,,,,
1979,Gerry Rafferty,Baker Street,,1,x,,https://www.youtube.com/watch?v=Fo6aKnRnBxM,,,,,,,,,,,,,,,,,,,,,,,,,,,,,,,,,,,,,,,,,,,,,,,,,,,,,,,
1979,Chuck Mangione,Feels So Good,1,,x,,https://www.youtube.com/watch?v=rXPaEm-Y3Wg,,,,,,,,,,,,,,,,,,,,,,,,,,,,,,,,,,,,,,,,,,,,,,,,,,,,,,,
1980,The Doobie Brothers,What a Fool Believes,1,,,x,https://www.youtube.com/watch?v=exnHAdopRxA,1,,,,,,,,,,,,,,,,"0,7",,,,,,,,,,,,,,,,"0,8","0,4",,,,,,,,,"0,7",,,,,,,,,,,,
1980,"Earth, Wind & Fire",After the Love Has Gone,1,,x,,https://www.youtube.com/watch?v=CUCLNPOjPZw,1,,,,,,,,,,,,,,,,,,,,,,,,,,,,,,,,"0,6",,,,,,,,,,1,,,,,,,,,,,,
1980,Rickie Lee Jones,Chuck E.'s in Love,1,,x,,https://www.youtube.com/watch?v=OeWKfVkNla4,,1,,,,,,,,,,,,,,,,,,,,,"0,6","0,3",,,,,,,,,1,"0,6",,,,,,,,,"0,4",,,,,,,,,,,,
1980,Billy Joel,Honesty,1,,x,,https://www.youtube.com/watch?v=R4gOIt-M02A,1,,,,,,,,,,,,,,,,,,,,,,,,,,,,,,,,1,"0,8",,,,,,,,,,,,,"0,4",,,,,,,,
1980,Gloria Gaynor,I Will Survive,1,,x,,https://www.youtube.com/watch?v=FHhZPp08s74,,1,,,,"0,6",,,,,,,,,,,1,,,,,,,,,,,,,,,,"0,4",,,,,,,,,,"0,6",,,,,,,,,,,,
1980,The Doobie Brothers,Minute by Minute,1,,x,,https://www.youtube.com/watch?v=Rq-7NgH-hcs,1,,,,,,,,,,,,,,,,,,,,,,,,,,,,,,,,"0,8","0,4",,,,,,,,,"0,7","0,3",,,,,,,,,,,
1980,Peaches & Herb,Reunited,1,,x,,https://www.youtube.com/watch?v=Bu3OQFCsKXQ,,,1,,,,,,,,,,,,,,,,,,,,,,,,,,,,,,"0,4",,"0,4",,,,,,,,1,,,,,,,,,,,,
1980,Kenny Rogers,She Believes in Me,1,,x,,https://www.youtube.com/watch?v=FE19WzuQ4J0,1,,,,,,,,,,,,,,,,,,,,,,,,,,,,,,,,"0,9",,,,,,,,,,,,,,"0,9",,,,,,,,
1980,Kenny Rogers,The Gambler,1,,x,,https://www.youtube.com/watch?v=7hx4gdlfamo,,,,,,,,,,,,,,,,,,,,,,,,,,,,,,,,,,,,,,,,,,,,,,,,,,,,,,,
1981,Christopher Cross,Sailing,1,,,x,https://www.youtube.com/watch?v=IST-GfqUwDA,1,,,,,,,,,,,,,,,,,,,,,,,,,,,,,,,,1,"0,7",,,,,,,,,,,,,"0,3",,,,,,,,
1981,Irene Cara,Fame,1,,x,,https://www.youtube.com/watch?v=ynZCDm0IEVM,,1,,,,,,,,,,,,,,1,"0,8",,,,,,,,,,,,,,,,"0,6","0,6",,,,,,,,,,,,,,,,,,,,,
1981,Bette Midler,The Rose,1,,x,,https://www.youtube.com/watch?v=FzJMIUhFw7Q,,1,,,,,,,,,,,,,,,,,,,,,,,"0,3",,,,,,,,1,,,,,,,,,,,,,,"0,4",,,,,,,,
1981,Kenny Rogers,Lady,1,,x,,https://www.youtube.com/watch?v=Pq96IgKLf_k,1,,,,,,,,,,,,,,,,,,,,,,,,,,,,,,,,1,"0,4",,,,,,,,,,,,,"0,5",,,,,,,,
1981,Frank Sinatra,"Theme from New York, New York",1,,x,,https://www.youtube.com/watch?v=gHPiIfEoy2Y,1,,,,,1,,,,,,,,,,,,,,,,,,,,,,,"0,6",,,,"0,3",,,,,,,,,,,,,"0,4",1,"0,7",,,,,,,
1981,Barbra Streisand,Woman in Love,1,,x,,https://www.youtube.com/watch?v=hQLGCX8D-1Y,,1,,,,,,,,,,,,,,,,,,,,,,,,,,,,,,,1,"0,3",,,,,,,,,,,,,"0,3",,,,,,,,
1982,Kim Carnes,Bette Davis Eyes,1,,,x,https://www.youtube.com/watch?v=BJ1dHM1ocIw,,1,,,,,,,,,,,,,,,,,,,,"0,4",,,,,,,,,,"0,7",1,1,,,,"0,4",,,,,,,,,,,,,,,,,
1982,Christopher Cross,Arthur's Theme (Best That You Can Do),1,,x,,https://www.youtube.com/watch?v=WOBHXxiZyZM,1,,,,,,,,,,,,,,,,,,,,,,,,,,,,,,,,1,"0,7",,,,,,,,,,,,,"0,3",,,,,,,,
1982,Diana Ross and Lionel Richie,Endless Love,1,,x,,https://www.youtube.com/watch?v=Qr_XIALxgbI,,,1,,,,,,,,,,,,,,,,,,,,,,,,,,,,,,1,,,,,,,,,,"0,5",,,,"0,3",,,,,,,,
1982,"Grover Washington, Jr. with Bill Withers",Just the Two of Us,1,,x,,https://www.youtube.com/watch?v=6POZlJAZsok,,,1,,,,,,,,,,,,,,,,,,,,,"0,4",,,,,,,,,"0,4",,,,,,,,,,1,"0,3",,,,,,,,,,,
1982,Dolly Parton,9 to 5,1,,x,,https://www.youtube.com/watch?v=E4OzdyxbOuU,,1,,,,"0,4",,,,,,,,,,,,,,,,,,"0,5",,,,,"0,4",,,,"0,4",,,,,,,,,,"0,9","0,6",,,,,,,,,,,
1982,John Lennon,(Just Like) Starting Over,,1,x,,https://www.youtube.com/watch?v=pZCxyOcvp5A,,,,,,,,,,,,,,,,,,,,,,,,,,,,,,,,,,,,,,,,,,,,,,,,,,,,,,,
1983,Willie Nelson,Always on My Mind ,1,,,x,https://www.youtube.com/watch?v=opwOBtgw-nw,1,,,,,,,,,,,,,"0,4",,,,,,,,,,,,,,,,,,,"0,7","0,7",,,,,,,,,,,,,"0,3",,,,,,,,
1983,Paul McCartney & Stevie Wonder,Ebony and Ivory,1,1,x,,https://www.youtube.com/watch?v=ycRnO-nECNw,1,,,,,,,,,,,,,,,,,,,,,,,,,,,,,,,,1,"0,8",,,,,,,,,"0,5",,,,"0,4",,,,,,,,
1983,Toto,Rosanna,1,,x,,https://www.youtube.com/watch?v=K2O9ryz7Eik,1,,,,,,,,,,,,,,,,,,,,,,,,,,,,,,,,,1,,,,"0,6",,,,,,,,,,,,,,,,,
1983,Survivor,Eye of the Tiger,1,,x,,https://www.youtube.com/watch?v=FLZS3jQPnKw,1,,,,,,,,,,,,,,,,,,,,,,,,,"0,6",,,,,,,"0,4",1,,,,"0,7",,,,,,,,,,,,,,,,,
1983,Donald Fagen,I.G.Y. (What a Beautiful World),1,,x,,https://www.youtube.com/watch?v=sogYgHlNnqo,,,1,,,,,,,,,,,,,,,,,,,,,"0,3",,,,,,,,,"0,6","0,7",,"0,3",,,,,,,"0,4","0,7",,,,,,,,,,,
1983,Joe Jackson,Steppin' Out,1,,x,,https://www.youtube.com/watch?v=PJwt2dxx9yg,,,,,,,,,,,,,,,,,,,,,,,,,,,,,,,,,,,,,,,,,,,,,,,,,,,,,,,
1983,Vangelis,Chariots of Fire,,1,x,,https://www.youtube.com/watch?v=8a-HfNE3EIo,,,,,,,,,,,,,,,,,,,,,,,,,,,,,,,,,,,,,,,,,,,,,,,,,,,,,,,
1984,The Police,Every Breath You Take,,1,,x,https://www.youtube.com/watch?v=OMOGaugKpzs,1,,,,,,,,,,,,,,,,,,,,,,,,,,,,,,,,"0,7",1,,,,"0,4",,"0,7",,,,,,,,,,,,,,,
1984,Lionel Ritchie,All Night Long (All Night),1,,x,,https://www.youtube.com/watch?v=5sBGUyUnqwM,1,,,,,,,,,,,,,,,,"0,8",,,,,,,,,,,,,,,,"0,7",,,,,,,,,,"0,7",,,,,,,,,,,,
1984,Michael Jackson,Beat It,1,,x,,https://www.youtube.com/watch?v=XDD9LpLyGiQ,1,,,,,,,,,,,,,,,1,"0,9",,,,,,,,,,,,,,,,"0,6","0,7",,,,,,,,,"0,4",,,,,,,,,,,,
1984,Michael Jackson,Billy Jean,1,,x,,https://www.youtube.com/watch?v=2Ss38PCpwtA,1,,,,,,,,,,,,,,,1,"0,9",,,,,,,"0,7",,,,,,,,,"0,4","0,4",,,,,,,,,"0,7",,,,,,,,,,,,
1984,Michael Sembello,Maniac,1,,x,,https://www.youtube.com/watch?v=6GCNUeTFSbA,1,,,,,,,,,,,,,,,1,,,,,,"0,4",,,,,,,,,,"0,6","0,6",1,,,,"0,4",,,,,,,,,,,,,,,,,
1984,Irene Cara,Flashdance... What a Feeling,1,,x,,https://www.youtube.com/watch?v=ILWSp0m9G2U,,,,,,,,,,,,,,,,,,,,,,,,,,,,,,,,,,,,,,,,,,,,,,,,,,,,,,,
1985,Tina Turner,What's Love Got to Do with It,1,,,x,https://www.youtube.com/watch?v=Mh3h9DNHNOM,,1,,,,,,,,,,,,,,"0,4",,,,,,,,"0,3",,,,,,,,,"0,5","0,7",,"0,3",,,,,,,"0,7",,,,,,,,,,,,
1985,Phil Collins,Against All Odds (Take a Look at Me Now),,1,x,,https://www.youtube.com/watch?v=CkGg1bzfSys,1,,,,,,,,,,,,,,,,,,,,,,,,,,,,,,,,"0,7",1,,,,"0,5",,,,,,,,,,,,,,,,,
1985,Lionel Ritchie,Hello,1,,x,,https://www.youtube.com/watch?v=84RxK4N1wfE,1,,,,,,,,,,,,,,,,,,,,,,,,,,,,,,,,"0,8","0,4","0,4",,,,,,,,"0,5",,,,,,,,,,,,
1985,Stevie Wonder,I Just Called to Say I Love You,1,,x,,https://www.youtube.com/watch?v=1bGOgY1CmiU,1,,,,,,,,,,,,,,,,,,,,,,,,,,,,,,,,1,"0,4",,,,,,,,,"0,5",,,,,,,,,,,,
1985,Cyndi Lauper,Time after Time,1,,x,,https://www.youtube.com/watch?v=VdQY7BusJNU,,1,,,,,,,,,,,,,,,,,,,,,,,,,,,,,,"0,3",1,"0,7",,,,,,,,,,,,,,,,,,,,,
1985,Chicago,Hard Habit to Break,1,,x,,https://www.youtube.com/watch?v=b7MwgByxPs8,,,,,,,,,,,,,,,,,,,,,,,,,,,,,,,,,,,,,,,,,,,,,,,,,,,,,,,
1985,Cyndi Lauper,Girls Just Want to Have Fun,1,,x,,https://www.youtube.com/watch?v=PIb6AZdTr-A,,,,,,,,,,,,,,,,,,,,,,,,,,,,,,,,,,,,,,,,,,,,,,,,,,,,,,,
1985,Huey Lewis and the News,The Heart of Rock & Roll,1,,x,,https://www.youtube.com/watch?v=M7JVlpm0eRs,,,,,,,,,,,,,,,,,,,,,,,,,,,,,,,,,,,,,,,,,,,,,,,,,,,,,,,
1985,Bruce Springsteen,Dancing in the Dark,1,,x,,https://www.youtube.com/watch?v=129kuDCQtHs,,,,,,,,,,,,,,,,,,,,,,,,,,,,,,,,,,,,,,,,,,,,,,,,,,,,,,,
1986,USA for Africa,We Are the World,1,,,x,https://www.youtube.com/watch?v=mIqhl0rH0Wc,,,1,,,,,,,,,,,,,,,,,,,,,,"0,6",,,,,,,,1,"0,3",,,,,,,,,"0,5",,,,,,,,,,,,
1986,Dire Straits,Money for Nothing,,1,x,,https://www.youtube.com/watch?v=JRDgihVDEko,1,,,,,,,"0,3",,,,,,,,,,,,,,,,,,"0,3",,,,,,,"0,4",1,,,,"0,9",,,,,,,,,,,,,,,,,
1986,Don Henley,The Boys of Summer,1,,x,,https://www.youtube.com/watch?v=QWT90HzLF3U,1,,,,,,,,,,,,,,,,,,,,,,,,,,,,,,,,"0,6",1,,,,"0,7",,,,,,,,,,,,,,,,,
1986,Paul Young,Everytime You Go Away,,1,x,,https://www.youtube.com/watch?v=nfk6sCzRTbM,1,,,,,,,,,,,,,,,,,,,,,,,,,,,,,,,"0,4","0,7",1,,,,"0,5",,,,,,,,,,,,,,,,,
1986,Foreigner,I Want to Know What Love Is,1,,x,,https://www.youtube.com/watch?v=raNGeq3_DtM,1,,,,,,,,,,,,,,,,,,,,,,,,"0,3",,,,,,,,"0,6",1,,,,"0,7",,,,,,,,,,,,,,,,,
1986,Huey Lewis and the News,The Power of Love ,1,,x,,https://www.youtube.com/watch?v=xiLr0Sz-tKI,,,,,,,,,,,,,,,,,,,,,,,,,,,,,,,,,,,,,,,,,,,,,,,,,,,,,,,
1986,Bruce Springsteen,Born in the U.S.A. ,1,,x,,https://www.youtube.com/watch?v=lZD4ezDbbu4,,,,,,,,,,,,,,,,,,,,,,,,,,,,,,,,,,,,,,,,,,,,,,,,,,,,,,,
1987,Dionne Warwick & Friends ,That's What Friends Are For ,1,,,x,https://www.youtube.com/watch?v=HyTpu6BmE88,,,1,,,,,,,,,,,,,,,,,,,,,,,,,,,,,,"0,7",1,,,,,,,,,"0,6",,,,"0,3",,,,,,,,
1987,Peter Gabriel,Sledgehammer,,1,x,,https://www.youtube.com/watch?v=KkiqTmwEQ-U,1,,,,,,,,,,,,,,,,,,,,,,,"0,5",,,,,,,,"0,8","0,3",1,,,,"0,7",,,,,"0,6",,,,,,,,,,,,
1987,Robert Palmer,Addicted to Love,,1,x,,https://www.youtube.com/watch?v=wEBANKFGqkw,1,,,,,,,"0,6",,,,,,,,,,,,,,,,,,"0,7",,,,,,,,1,,,,"0,9","0,5",,,,,,,,,,,,,,,,
1987,Steve Winwood,Higher Love,,1,x,,https://www.youtube.com/watch?v=k9olaIio3l8,1,,,,,,,,,,,,,,,,,,,,,,,,,,,,,,,"0,6","0,6",1,,,,,,,,,"0,3",,,,,,,,,,,,
1987,Paul Simon,Graceland,1,,x,,https://www.youtube.com/watch?v=H9M4XJXnCcw,1,,,,,,,,,,,,,,,,,,,,,,"0,3",,,,,,,,,,"0,6",1,,,,,,,,,,,,,,,"0,8",,,,,,
1987,Whitney Houston,Greatest Love of All,1,,x,,https://www.youtube.com/watch?v=IYzlVDlE72w,,,,,,,,,,,,,,,,,,,,,,,,,,,,,,,,,,,,,,,,,,,,,,,,,,,,,,,
1988,Los Lobos,La Bamba,1,,x,,https://www.youtube.com/watch?v=nLAWPrCUQQ0,1,,,,,,,,,,,,,,,,,,,,,,,,,,,,,"0,5",,,"0,8",1,,,,"0,5","0,6",,,,,,,,,,"0,3",,,,,,
1988,U2,I Still Haven't Found What I'm Looking For,,1,x,,https://www.youtube.com/watch?v=fo2Q-YH6vow,1,,,,"0,8",,,,,,,,,,,,,,,,,,,,,,,,,,,,"0,6",1,,,,"0,8",,,,,,,,,,,,,,,,,
1988,Suzanne Vega,Luka,1,,x,,https://www.youtube.com/watch?v=AV0ffQcwKzY,,1,,,,,,,,,,,,,,,,,,,,,1,,,,,,,,,,"0,8",,,,,,,,,,,,,,,,,,,,,,
1988,Whitney Houston,Didn't We Almost Have It All,1,,x,,https://www.youtube.com/watch?v=WVw3cyseR10,,1,,,,,,,,,,,,,,,,,,,,,,,,,,,,,,,1,"0,4",,,,,,,,,"0,6",,,,"0,4",,,,,,,,
1988,Steve Winwood,Back in the High Life Again,,1,x,,https://www.youtube.com/watch?v=Adw772km7PQ,,,,,,,,,,,,,,,,,,,,,,,,,,,,,,,,,,,,,,,,,,,,,,,,,,,,,,,
1989,Bobby McFerrin,"Don't Worry, Be Happy",1,,,x,https://www.youtube.com/watch?v=d-diB65scQU,1,,,,,,,,,,,,,,,,,,,,,,,,,,,,,,,,1,,,"0,5",,,,,,,"0,3",,,,,"0,4",,,,,,,
1989,Anita Baker,Giving You the Best That I Got,1,,x,,https://www.youtube.com/watch?v=gKGj8XwooYQ,,1,,,,,,,,,,,,,,,,,,,,,,,"0,3",,,,,,,,,,"0,6",,,,,,,,1,,,,,"0,4",,,,,,,
1989,Tracy Chapman,Fast Car,1,,x,,https://www.youtube.com/watch?v=AIOAlaACuv4,,1,,,,,,,,,,,,,,,,,,,,,1,,,,,,,,,,1,"0,6","0,3",,,,,,,,"0,4",,,,,,,,,,,,
1989,Sting,Be Still My Beating Heart,,1,x,,https://www.youtube.com/watch?v=Ng4P6FWVdcE,1,,,,,,,,,,,,,,,,,,,,,,,,,,,,,,,,"0,8","0,7",,,,,,,,,"0,3",,,,,,,,,,,,
1989,Brenda Russell,Piano in the Dark,1,,x,,https://www.youtube.com/watch?v=H7u5GtSIC5k,,,1,,,,,,,,,,,,,,,,,,,,,,,,,,,,,,"0,8",,,,,,,,,,"0,7",,,,,,,,,,,,
1989,Michael Jackson,Man in the Mirror,1,,x,,https://www.youtube.com/watch?v=PivWY9wn5ps,,,,,,,,,,,,,,,,,,,,,,,,,,,,,,,,,,,,,,,,,,,,,,,,,,,,,,,
1989,Steve Winwood,Roll With It,,1,x,,https://www.youtube.com/watch?v=MoGHGaN_HQs,,,,,,,,,,,,,,,,,,,,,,,,,,,,,,,,,,,,,,,,,,,,,,,,,,,,,,,
1990,Bette Midler,Wind Beneath My Wings,1,,,x,https://www.youtube.com/watch?v=jorJh8DTMVM,,1,,,,,,,,,,,,,,,,,,,,,,,,,,,,,,,"0,9",,,,,,,,,,"0,3",,,,"0,4",,,,,,,,
1990,Linda Ronstadt & Aaron Neville,Don't Know Much,1,,x,,https://www.youtube.com/watch?v=WmuJ0us63GQ,,,1,,,,,,,,,,,,,,,,,,,,,,,,,,,,,,1,"0,7",,,,"0,3",,,,,"0,3",,,,"0,3",,,,,,,,
1990,Don Henley,The End of the Innocence,1,,x,,https://www.youtube.com/watch?v=lIn3qxvbffw,1,,,,,,,,,,,,,,"0,6",,,,,,,,,,,,,,,,,,"0,6",1,,,,"0,4",,,,,,,,,,,,,,,,,
1990,Billy Joel,We Didn't Start the Fire,1,,x,,https://www.youtube.com/watch?v=eFTLKWw542g,1,,,,,,,,,,,,,,,,,,,,,,,,,,,,,,,,"0,6",1,,,,"0,7",,,,,,,,,,,,,,,,,
1990,Mike + The Mechanics,The Living Years,,1,x,,https://www.youtube.com/watch?v=uGDA0Hecw1k,1,,,,,,,,,,,,,,,,,,,,,,,,,,,,,,,,"0,6",1,,,,"0,5",,,,,,,,,,,,,,,,,
1990,Fine Young Cannibals,She Drives Me Crazy,,1,x,,https://www.youtube.com/watch?v=UtvmTu4zAMg,,,,,,,,,,,,,,,,,,,,,,,,,,,,,,,,,,,,,,,,,,,,,,,,,,,,,,,
1991,Bette Midler,From a Distance,1,,,x,https://www.youtube.com/watch?v=lN4AcFzxtdE,,1,,,,,,,,,,,,,,,,,,,,,,,,,,,,,,,1,"0,7",,,,,,,,,,,,,"0,3",,,,,,,,
1991,Mariah Carey,Vision of Love,1,,x,,https://www.youtube.com/watch?v=tov22NtCMC4,,1,,,,,,,,,,,,,,,,,,,,,,,"0,3",,,,,,,,"0,6",,"0,5",,,,,,,,"0,7",,,,,,,,,,,,
1991,Phil Collins,Another Day in Paradise,,1,x,,https://www.youtube.com/watch?v=Qt2mbGP6vFI,1,,,,,,,,,,,,,,,,,,,,,,,,,,,,,,,,1,1,,,,,,,,,,,,,,,,,,,,,
1991,Sinéad O'Connor,Nothing Compares 2 U,,1,x,,https://www.youtube.com/watch?v=0-EF60neguk,,1,,,,,,,,,,,,,,,,,,,,,,,,,,,,,,,1,,,,,,,,,,"0,8",,,,,,,,,,,,
1991,Wilson Phillips,Hold On,1,,x,,https://www.youtube.com/watch?v=uIbXvaE39wM,,1,,,,,,,,,,,,,,"0,3",,,,,,,,,,,,,,,,,1,"0,6","0,5",,,,,,,,"0,4",,,,,,,,,,,,
1991,MC Hammer,U Can't Touch This,1,,x,,https://www.youtube.com/watch?v=_NNYI8VbFyY,,,,,,,,,,,,,,,,,,,,,,,,,,,,,,,,,,,,,,,,,,,,,,,,,,,,,,,
1992,Natalie Cole with Nat King Cole,Unforgettable,1,,,x,https://www.youtube.com/watch?v=UZVJT1I-kCE,,,1,,,,,,,,,,,,,,,,"0,2",,,,,,,,,,"0,7",,,,,,,,,,,,,,"0,6",,,,"0,6",1,,,,,,,
1992,Bryan Adams,(Everything I Do) I Do It for You,1,,x,,https://www.youtube.com/watch?v=7u-L243mzfI,1,,,,,,,"0,3",,,,,,,,,,,,,,,,,,,,,,,,,"0,6",1,,,,"0,7",,,,,,,,,,,,,,,,,
1992,Amy Grant,Baby Baby,1,,x,,https://www.youtube.com/watch?v=vMXuuYnoRdI,,1,,,,,,,,,,,,,,,,,,,,"0,3",,,,,,,,,,,1,1,,,,,,,,,,,,,,,,,,,,,
1992,R.E.M.,Losing My Religion,1,,x,,https://www.youtube.com/watch?v=xwtdhWltSIg,1,,,,"0,4",,,,,,,,,,,,,,,,,,"0,7",,,,,1,,,,,"0,8",1,,,,"0,6",,,,,,,,,,,,,,,,,
1992,Marc Cohn,Walking in Memphis,1,,x,,https://www.youtube.com/watch?v=YFEB9xLeLmY,,,1,,,,,,,,,,,,"0,4",,,,,,,,,,,,,,,,,,"0,7",1,,,,"0,6",,,,,,,,,,,,,,,,,
1992,Bonnie Raitt,Something to Talk About,1,,x,,https://www.youtube.com/watch?v=xRL9TbH3s8U,,,,,,,,,,,,,,,,,,,,,,,,,,,,,,,,,,,,,,,,,,,,,,,,,,,,,,,
1993,Eric Clapton,Tears in Heaven,,1,,x,https://www.youtube.com/watch?v=JxPj3GAYYZ0,1,,,,,,"0,6",,,,,,,,,,,,,,,,"0,4",,"0,3",,,,,,,,"0,5",,,,,,,,,,,,,,,,,,,,,,
1993,Billy Ray Cyrus,Achy Breaky Heart,1,,x,,https://www.youtube.com/watch?v=byQIPdHMpjc,1,,,,,,,,,,,,,"0,8",1,,,,,,,,,,,,,,,,,,,"0,8",,,,,"0,6",,,,,,,,,,,,,,,,
1993,Celine Dion & Peabo Bryson,Beauty and the Beast,1,1,x,,https://www.youtube.com/watch?v=pgYEJHJXFB4,,,1,,,,,,,,,,,,,,,,,,,,,,,,,,,,,,1,"0,4",,,,,,,,,,,,,"0,7",,,,,,,,
1993,k.d. lang,Constant Craving,,1,x,,https://www.youtube.com/watch?v=oXqPjx94YMg,,1,,,,,,,,,,,,,,,,,,,,,"0,7",,,,,,,,,,"0,4",1,,,,,,,,,,,,,,,,,,,,,
1993,Vanessa Williams,Save the Best for Last,1,,x,,https://www.youtube.com/watch?v=5EdmHSTwmWY,,1,,,,,,,,,,,,,,,,,,,,,,,,,,,,,,,1,,,,,,,,,,"0,3",,,,"0,7",,,,,,,,
1994,Peabo Bryson & Regina Belle,A Whole New World ,1,,,x,https://www.youtube.com/watch?v=PmvT7B3u7II,,,1,,,,,,,,,,,,,,,,,,,,,,,,,,,,,,1,"0,4",,,,,,,,,,,,,"0,7",,,,,,,,
1994,Billy Joel,The River of Dreams,1,,x,,https://www.youtube.com/watch?v=hSq4B_zHqPM,,,1,,,,,,,,,,,,,,,,,,,,,,"0,4",,,,,,,,"0,7",1,,,,,,,,,"0,4",,,,,,,,,,,,
1994,Meat Loaf,I'd Do Anything for Love (But I Won't Do That),1,,x,,https://www.youtube.com/watch?v=9X_ViIPA-Gc,,,1,,,,,,,,,,,,,,,,,,,,,,,,,,,,,,"0,7",1,,,,"0,7",,,,,,,,,,,,,,,,,
1994,Sting,If I Ever Lose My Faith in You,,1,x,,https://www.youtube.com/watch?v=7km4EHgkQiw,1,,,,,,,,,,,,,,,,,,,,,,,,,,,,,,,,"0,7",1,,,,"0,6",,,,,,,,,,,,,,,,,
1994,Neil Young,Harvest Moon,1,,x,,https://www.youtube.com/watch?v=n2MtEsrcTTs,,,1,,,,,,,,,,,"0,5",,,,,,,,,1,,,,,,,,,,,"0,4",,,,,,,,,,,,,,,,,,,,,
1994,Whitney Houston,I Will Always Love You,1,,,x,https://www.youtube.com/watch?v=3JWTaaS7LdU,,,,,,,,,,,,,,,,,,,,,,,,,,,,,,,,,,,,,,,,,,,,,,,,,,,,,,,
1995,Bruce Springsteen,Streets of Philadelphia ,1,,,x,https://www.youtube.com/watch?v=4z2DtNW79sQ,1,,,,,,,,,,,,,,,,,,,,,,,,,,,,,,,,"0,5",1,,,,,,,,,,,,,,,,,,,,,
1995,Sheryl Crow,All I Wanna Do,1,,x,,https://www.youtube.com/watch?v=hgmBaE1cqD4,,1,,,,,,,,,,,,"0,8","0,5",,,,,,,,"0,8",,,,,,,,,,1,1,,,,,,,,,,,,,,,,,,,,,
1995,Elton John,Can You Feel the Love Tonight,,1,x,,https://www.youtube.com/watch?v=KjgWWjkNbhU,1,,,,,,,,,,,,,,,,,,,,,,,,,,,,,,,,1,,,,,,,,,,,,,,1,,,,,,,,
1995,Elton John,Circle of Life,,1,x,,https://www.youtube.com/watch?v=IwH9YvhPN7c,1,,,,,,,,,,,,,,,,,,,,,,,,"0,4",,,,,,,,1,"0,8",,,,,,,,,,,,,"0,3",,,,,,,,
1995,John Michael Montgomery & All-4-One,I Swear,1,,x,,https://www.youtube.com/watch?v=fpLIZv4ZD6A,1,,,,,,,,,,,,,"0,2",,,,,,,,,,,,,,,,,,,"0,8","0,5","0,3",,,"0,4",,,,,,,,,,,,,,,,,
1995,Boyz II Men,I'll Make Love to You ,1,,x,,https://www.youtube.com/watch?v=fV8vB1BB2qc,,,,,,,,,,,,,,,,,,,,,,,,,,,,,,,,,,,,,,,,,,,,,,,,,,,,,,,
1995,Mary Chapin Carpenter,He Thinks He'll Keep Her ,1,,x,,https://www.youtube.com/watch?v=r0ajB0lkKZM,,,,,,,,,,,,,,,,,,,,,,,,,,,,,,,,,,,,,,,,,,,,,,,,,,,,,,,
1995,Bonnie Raitt,Love Sneakin' Up On You ,1,,x,,https://www.youtube.com/watch?v=jG_Ii8_J9xg,,,,,,,,,,,,,,,,,,,,,,,,,,,,,,,,,,,,,,,,,,,,,,,,,,,,,,,
1996,Seal,Kiss from a Rose,,1,,x,https://www.youtube.com/watch?v=w7y19ED6Vrk,1,,,,,,,,,,,,,,,,,,,,,,,,,,,,,,,,"0,8",,"0,7",,,,,,,,"0,6",,,,,,,,,,,,
1996,Joan Osborne,One of Us,1,,x,,https://www.youtube.com/watch?v=USR3bX_PtU4,,1,,,,,,"0,3",,,,,,,"0,6",,,,,,,,,,,,,,,,,,"0,6",1,,,,"0,6",,,,,,,,,,,,,,,,,
1996,John Michael Montgomery,I Can Love You Like That,1,,x,,https://www.youtube.com/watch?v=fTNjQPiVHDI,1,,,,,,,,,,,,,"0,6","0,5",,,,,,,,,,,,,,,,,,"0,8","0,7",,,,,,,,,,,,,,,,,,,,,
1996,Michael Jackson,You Are Not Alone,1,,x,,https://www.youtube.com/watch?v=ito5ELbyyxs,1,,,,,,,,,,,,,,,,,,,,,,,,,,,,,,,,1,,"0,8",,,,,,,,"0,7",,,,,,,,,,,,
1996,Alanis Morissette,You Oughta Know,1,,x,,https://www.youtube.com/watch?v=NPcyTyilmYY,,1,,,"0,8",,,,,,,,,,,,,,,,,,,,,,,,,,,,"0,3",1,,,,"0,9",,,,,,,,,,,,,,,,,
1996,Mariah Carey & Boyz II Men,One Sweet Day ,1,,x,,https://www.youtube.com/watch?v=UXxRyNvTPr8,,,,,,,,,,,,,,,,,,,,,,,,,,,,,,,,,,,,,,,,,,,,,,,,,,,,,,,
1996,Coolio,Gangsta's Paradise ,1,,x,,https://www.youtube.com/watch?v=fPO76Jlnz6c,,,,,,,,,,,,,,,,,,,,,,,,,,,,,,,,,,,,,,,,,,,,,,,,,,,,,,,
1996,TLC,Waterfalls ,1,,x,,https://www.youtube.com/watch?v=8WEtxJ4-sh4,,,,,,,,,,,,,,,,,,,,,,,,,,,,,,,,,,,,,,,,,,,,,,,,,,,,,,,
1997,Eric Clapton,Change the World,,1,,x,https://www.youtube.com/watch?v=x11NA63gLDM,1,,,,,,"0,8","0,4",,,,,,,,,,,,,,,"0,6",,,,,,,,,,,"0,7",,,,,,,,,,,,,,,,,,,,,
1997,Tracy Chapman,Give Me One Reason,1,,x,,https://www.youtube.com/watch?v=V6hQ9HSKlIE,,1,,,,,"0,8","0,6",,,,,,,,,,,,,,,,,,,,,,,,,,,,,,,,,,,"0,7",,,,,,,,,,,,
1997,Celine Dion,Because You Loved Me,,1,x,,https://www.youtube.com/watch?v=O3XGynvy_V4,,1,,,,,,,,,,,,,,,,,,,,,,,,,,,,,,,1,,,,,,,,,,,,,,"0,4",,,,,,,,
1997,Whitney Houston,Exhale (Shoop Shoop),1,,x,,https://www.youtube.com/watch?v=wrTuV4Szxzo,,1,,,,,,,,,,,,,,,,,,,,,,,,,,,,,,,,,"0,7",,,,,,,,1,,,,,,,,,,,,
1997,LeAnn Rimes,Blue,1,,x,,https://www.youtube.com/watch?v=plxpY8KLA-Y,,1,,,,,,,,,,,,1,"0,3",,,,,,,,,,,,,,,,,,"0,4",,,,,,,,,,,,,,,,,,,,,,
1997,Alanis Morissette,Ironic ,1,,x,,https://www.youtube.com/watch?v=Jne9t8sHpUc,,,,,,,,,,,,,,,,,,,,,,,,,,,,,,,,,,,,,,,,,,,,,,,,,,,,,,,
1997,The Smashing Pumpkins,1979,1,,x,,https://www.youtube.com/watch?v=4aeETEoNfOg,,,,,,,,,,,,,,,,,,,,,,,,,,,,,,,,,,,,,,,,,,,,,,,,,,,,,,,
1998,Shawn Colvin,Sunny Came Home,1,,,x,https://www.youtube.com/watch?v=qfKKBDFCiIA,,1,,,,,,,,,,,,"0,4","0,4",,,,,,,,1,,,,,,,,,,"0,6","0,4",,,,,,,,,,,,,,,,,,,,,
1998,No Doubt,Don't Speak,1,,x,,https://www.youtube.com/watch?v=TR3Vdo5etCQ,,1,,,1,,,,,,,,,,,,,,,,,,,,,,,,,,,,,1,,,,"0,8",,,,,,,,,,,,,,,,,
1998,LeAnn Rimes & Trisha Yearwood,How Do I Live,1,,x,,https://www.youtube.com/watch?v=hwK1n1AcM04,,1,,,,,,,,,,,,"0,4",,,,,,,,,,,,,,,,,,,1,"0,6",,,,,,,,,,,,,,,,,,,,,
1998,Paula Cole,Where Have All the Cowboys Gone?,1,,x,,https://www.youtube.com/watch?v=JPR108kwNo4,,1,,,,,,,,,,,,,"0,5",,,,,,,,,,,,,,,,,,"0,6",1,,,,"0,5",,,,,,,,,,,,,,,,,
1998,R. Kelly,I Believe I Can Fly,1,,x,,https://www.youtube.com/watch?v=GIQn8pab8Vc,1,,,,,,,,,,,,,,,,,,,,,,,,"0,3",,,,,,,,,,1,,,,,,,,"0,7",,,,"0,3",,,,,,,,
1998,Sheryl Crow,Everyday Is a Winding Road ,1,,x,,https://www.youtube.com/watch?v=khrx-zrG460,,,,,,,,,,,,,,,,,,,,,,,,,,,,,,,,,,,,,,,,,,,,,,,,,,,,,,,
1998,Hanson,MMMBop ,1,,x,,https://www.youtube.com/watch?v=NHozn0YXAeE,,,,,,,,,,,,,,,,,,,,,,,,,,,,,,,,,,,,,,,,,,,,,,,,,,,,,,,
1999,Celine Dion,My Heart Will Go On,,1,,x,https://www.youtube.com/watch?v=EcU0qbV70rU,,1,,,,,,,,,,,"0,3",,,,,,,,,,"0,3",,,,,,,,,,1,"0,4",,,,,,,,,,,,,"0,5",,,,,,,,
1999,Aerosmith,I Don't Want to Miss a Thing,1,,x,,https://www.youtube.com/watch?v=JkK8g6FMEXE,1,,,,"0,2",,,"0,2",,,,,,,,,,,,,,,,,,,,,,,,,"0,4","0,8",,,,1,,,,,,,,,,,,,,,,,
1999,The Goo Goo Dolls,Iris,1,,x,,https://www.youtube.com/watch?v=NdYWuo9OFAw,1,,,,1,,,,,,,,,,,,,,,,,,,,,,,,,,,,"0,4","0,6",,,,1,,,,,,,,,,,,,,,,,
1999,Kirk Franklin,Lean on Me,1,,x,,https://www.youtube.com/watch?v=PXBKaOkmQhw,,,1,,,,,,,,,,,,,,,,,,,,,,1,,,,,,,,,,,,,,,,,,"0,7",,,,,,,,,,,,
1999,Shania Twain,You're Still the One,,1,x,,https://www.youtube.com/watch?v=KNZH-emehxA,,1,,,,,,,,,,,,"0,4","0,3",,,,,,,,"0,3",,,,,,,,,,"0,8","0,5",,,,,,,,,,,,,,,,,,,,,
1999,Brandy & Monica,The Boy Is Mine ,1,,x,,https://www.youtube.com/watch?v=Va1Y6uAgNJY,,,,,,,,,,,,,,,,,,,,,,,,,,,,,,,,,,,,,,,,,,,,,,,,,,,,,,,
1999,Madonna,Ray of Light ,1,,x,,https://www.youtube.com/watch?v=x3ov9USxVxY,,,,,,,,,,,,,,,,,,,,,,,,,,,,,,,,,,,,,,,,,,,,,,,,,,,,,,,
2000,Santana featuring Rob Thomas,Smooth,1,,,x,https://www.youtube.com/watch?v=6Whgn_iE5uc,1,,,,,,,,,,,,,,,,,,,,,,,,,,,,,"0,6",,,,"0,8",,,,"0,7",,,"0,8",,,,,,,,"0,5",,,,,,
2000,Backstreet Boys,I Want It That Way,1,,x,,https://www.youtube.com/watch?v=4fndeDfaWCg,1,,,,,,,,,,,,,,,"0,2",,,,,,,,,,,,,,,,,"0,9","0,7",,,,,,,,,,,,,,,,,,,,,
2000,Ricky Martin,Livin' la Vida Loca,,1,x,,https://www.youtube.com/watch?v=p47fEXGabaY,1,,,,,,,,,,,,,,,"0,9",,,,,,,,,,,,,,1,,,"0,7","0,8",,,,"0,4",,,"0,2",,,,,,,,"0,3",,,,,,
2000,TLC,Unpretty,1,,x,,https://www.youtube.com/watch?v=g2gy1Evb1Kg,,1,,,,,,,,,,,,,,"0,2",,,,,,,,,,,,,,,,,"0,4","0,4",1,,,,,,,,"0,5",,,,,,,,,,,,
2000,Shania Twain,You've Got a Way,,1,x,,https://www.youtube.com/watch?v=Cytj0nrLaCs,,1,,,,,,,,,,,,"0,6","0,3",,,,,,,,,,,,,,,,,,"0,6","0,7",,,,,,,,,,,,,,,,,,,,,
2000,Cher,Believe,1,,x,,https://www.youtube.com/watch?v=nZXRV4MezEw,,,,,,,,,,,,,,,,,,,,,,,,,,,,,,,,,,,,,,,,,,,,,,,,,,,,,,,
2000,TLC,No Scrubs,1,,x,,https://www.youtube.com/watch?v=FrLequ6dUdM,,,,,,,,,,,,,,,,,,,,,,,,,,,,,,,,,,,,,,,,,,,,,,,,,,,,,,,
2001,U2,Beautiful Day,,1,,x,https://www.youtube.com/watch?v=co6WMzDOh1o,1,,,,1,,,,,,,,,,,,,,,,,,,,,,,,,,,,"0,4","0,7",,,,1,,,,,,,,,,,,,,,,,
2001,Destiny's Child,Say My Name,1,,x,,https://www.youtube.com/watch?v=sQgd6MccwZc,,1,,,,,,,"0,4",,,,,,,,,,,,,,,,,,"0,4",,,,,,"0,4",,1,,,,,,,,"0,5",,,,,,,,,,,,
2001,Macy Gray,I Try,1,,x,,https://www.youtube.com/watch?v=WEQ0l_m3Xm0,,1,,,,,,,,,,,,,,,,,,,,,,,"0,3",,,,,,,,"0,3","0,3",1,,,,,,,,"0,7",,,,,,,,,,,,
2001,Faith Hill,Breathe,1,,x,,https://www.youtube.com/watch?v=yCmsZUN4r_s,,1,,,,,,,,,,,,"0,8","0,4",,,,,,,,,,,,,,,,,,"0,8","0,6",,,,,,,,,,,,,,,,,,,,,
2001,Lee Ann Womack,I Hope You Dance,1,,x,,https://www.youtube.com/watch?v=RV-Z1YwaOiw,,,1,,,,,,,,,,,"0,8","0,4",,,,,,,,,,,,,,,,,,"0,8","0,6",,,,,,,,,,,,,,,,,,,,,
2001,Madonna,Music,1,,x,,https://www.youtube.com/watch?v=Sdz2oW0NMFk,,,,,,,,,,,,,,,,,,,,,,,,,,,,,,,,,,,,,,,,,,,,,,,,,,,,,,,
2001,*NSYNC,Bye Bye Bye,1,,x,,https://www.youtube.com/watch?v=Eo-KmOd3i7s,,,,,,,,,,,,,,,,,,,,,,,,,,,,,,,,,,,,,,,,,,,,,,,,,,,,,,,
2002,Alicia Keys,Fallin' ,1,,,x,https://www.youtube.com/watch?v=Urdlvw0SSEc,,1,,,,,,,,,,,,,,,,,,,,,,,"0,5",,,,,,,,"0,3",,1,,,,,,,,1,,,,,,,,,,,,
2002,India.Arie,Video,1,,x,,https://www.youtube.com/watch?v=Mq86e4Fhja0,,1,,,,,,,,,,,,,,,,,,,,,,,,,,,,,,,"0,3",,1,"0,5",,,,,,,"0,6",,,,,,,,,,,,
2002,Train,Drops of Jupiter (Tell Me),1,,x,,https://www.youtube.com/watch?v=7Xf-Lesrkuc,1,,,,"0,5",,,,,,,,,,,,,,,,,,,,,,,,,,,,"0,2",1,,,,1,,,,,,,,,,,,,,,,,
2002,U2,Stuck in a Moment You Can't Get Out Of,,1,x,,https://www.youtube.com/watch?v=emFUtuotHL4,1,,,,"0,7",,,,,,,,,,,,,,,,,,,,,,,,,,,,"0,4",1,,,,"0,8",,,,,,,,,,,,,,,,,
2002,Nelly Furtado,I'm Like a Bird,,1,x,,https://www.youtube.com/watch?v=roPQ_M3yJTA,,1,,,,,,,,,,,,,,,,,,,,,"0,3",,,,,,,,,,"0,8","0,6","0,7",,,,,,,,"0,2",,,,,,,,,,,,
2002,U2,Walk On,,1,,x,https://www.youtube.com/watch?v=gwKEdFoUB0o,,,,,,,,,,,,,,,,,,,,,,,,,,,,,,,,,,,,,,,,,,,,,,,,,,,,,,,
2002,Outkast,Ms. Jackson,1,,x,,https://www.youtube.com/watch?v=MYxAiK6VnXw,,,,,,,,,,,,,,,,,,,,,,,,,,,,,,,,,,,,,,,,,,,,,,,,,,,,,,,
2003,Norah Jones,Don't Know Why,1,,,x,https://www.youtube.com/watch?v=1LH4vnrM-Vs,,1,,,,,"0,2",,,,,,,"0,3",,,,,,,,,"0,6",,,,,,"0,3",,,,"0,5",,,,,,,,,,"0,8",,,,,"0,7",,,,,,,
2003,Vanessa Carlton,A Thousand Miles,1,,x,,https://www.youtube.com/watch?v=Cwkej79U3ek,,1,,,,,,,,,,"0,2","0,2",,,,,,,,,,,,,,,,,,,,"0,7","0,8",,,,,,,,,,,,,,,,,,,,,
2003,Avril Lavigne,Complicated,,1,x,,https://www.youtube.com/watch?v=5NPBIwQyPWE,,1,,,"0,7",,,,,,,,,,,,,,,,,,,,,,,,,,,,"0,7",1,,,,"0,8",,,,,,,,,,,,,,,,,
2003,Bruce Springsteen,The Rising,1,,x,,https://www.youtube.com/watch?v=6i-fiRgbpr4,1,,,,"0,2",,,,,,,,,,"0,6",,,,,,,,,,,,,,,,,,"0,6",1,,,,1,"0,2",,,,,,,,,,,,,,,,
2003,Alan Jackson,Where Were You (When the World Stopped Turning),1,,x,,https://www.youtube.com/watch?v=gPHnadJ-0hE,1,,,,,,,,,,,,,1,"0,3",,,,,,,,"0,7",,"0,3",,,,,,,,,"0,2",,,,,,,,,,,,,,,,,,,,,
2003,Eminem,Without Me ,1,,x,,https://www.youtube.com/watch?v=YVkUvmDQ3HY,,,,,,,,,,,,,,,,,,,,,,,,,,,,,,,,,,,,,,,,,,,,,,,,,,,,,,,
2003,Nelly & Kelly Rowland,Dilemma ,1,,x,,https://www.youtube.com/watch?v=8WYHDfJDPDc,,,,,,,,,,,,,,,,,,,,,,,,,,,,,,,,,,,,,,,,,,,,,,,,,,,,,,,
2003,Nickelback,How You Remind Me ,,1,x,,https://www.youtube.com/watch?v=1cQh1ccqu8M,,,,,,,,,,,,,,,,,,,,,,,,,,,,,,,,,,,,,,,,,,,,,,,,,,,,,,,
2004,Luther Vandross,Dance with My Father,1,,,x,https://www.youtube.com/watch?v=wmDxJrggie8,1,,,,,,,,,,,,,,,,,,,,,,,,"0,2",,,,,,,,,,"0,4",,,,,,,,1,,,,,,,,,,,,
2004,Christina Aguilera,Beautiful,1,,x,,https://www.youtube.com/watch?v=eAfyFTzZDMM,,1,,,,,,,,,,,,,,,,,,,,,,,,,,,,,,,"0,8","0,5","0,6",,,,,,,,"0,7",,,,,,,,,,,,
2004,Avril Lavigne,I'm with You,,1,x,,https://www.youtube.com/watch?v=dGR65RWwzg8,,1,,,"0,6",,,,,,,,,,,,,,,,,,,,,,,,,,,,"0,6",1,,,,"0,8",,,,,,,,,,,,,,,,,
2004,Warren Zevon,Keep Me In Your Heart,1,,x,,https://www.youtube.com/watch?v=RMTKb-pgxGI,1,,,,,,,,,,,,,"0,5","0,3",,,,,,,,"0,8",,,,,,,,,,,,,,,"0,4",,,,,,,,,,,,,,,,,
2004,Eminem,Lose Yourself,1,,x,,https://www.youtube.com/watch?v=_Yhyp-_hX2s,1,,,,"0,3",,,,,,,,,,,,,,,,,,,,,,1,,,,,,"0,2",,,,,,,,,,,,,,,,,,,,,,
2004,Coldplay,Clocks,,1,,x,https://www.youtube.com/watch?v=d020hcWA_Wg,,,,,,,,,,,,,,,,,,,,,,,,,,,,,,,,,,,,,,,,,,,,,,,,,,,,,,,
2004,Beyoncé & Jay Z,Crazy in Love ,1,,x,,https://www.youtube.com/watch?v=ViwtNLUqkMY,,,,,,,,,,,,,,,,,,,,,,,,,,,,,,,,,,,,,,,,,,,,,,,,,,,,,,,
2004,The Black Eyed Peas & Justin Timberlake,Where Is the Love? ,1,,x,,https://www.youtube.com/watch?v=WpYeekQkAdc,,,,,,,,,,,,,,,,,,,,,,,,,,,,,,,,,,,,,,,,,,,,,,,,,,,,,,,
2004,OutKast,Hey Ya! ,1,,x,,https://www.youtube.com/watch?v=PWgvGjAhvIw,,,,,,,,,,,,,,,,,,,,,,,,,,,,,,,,,,,,,,,,,,,,,,,,,,,,,,,
2005,John Mayer,Daughters ,1,,,x,https://www.youtube.com/watch?v=rZLbUIa7exE,1,,,,,,,,,,,,,,,,,,,,,,1,,,,,,,,,,"0,3","0,3",,,,,,,,,"0,4",,,,,,,,,,,,
2005,Alicia Keys,If I Ain't Got You,1,,x,,https://www.youtube.com/watch?v=Ju8Hr50Ckwk,,1,,,,,,,,,,,,,,,,,,,,,,,,,,,,,,,,,1,,,,,,,,1,"0,4",,,,"0,7",,,,,,,
2005,Kanye West,Jesus Walks,1,,x,,https://www.youtube.com/watch?v=MYF7H_fpc-g,1,,,,,,,,,,,,,,,,,,,,,,,,"0,2",,1,,,,,,,,"0,5",,,,,,,,,,,,,,,,,,,,
2005,Tim McGraw,Live Like You Were Dying,1,,x,,https://www.youtube.com/watch?v=_9TShlMkQnc,1,,,,,,,,,,,,,"0,4","0,8",,,,,,,,"0,7",,,,,,,,,,"0,5","0,7",,,,"0,3",,,,,,,,,,,,,,,,,
2005,Hoobastank,The Reason,1,,x,,https://www.youtube.com/watch?v=fV4DiAyExN0,1,,,,1,,,,,,,,,,,,,,,,,,,,,"0,3",,,,,"0,2",,,"0,8",,,,"0,8",,,,,,,,,,,,,,,,,
2005,Ray Charles & Norah Jones,Here We Go Again,1,,,x,https://www.youtube.com/watch?v=XD0E45V6KZc,,,,,,,,,,,,,,,,,,,,,,,,,,,,,,,,,,,,,,,,,,,,,,,,,,,,,,,
2005,The Black Eyed Peas,Let's Get It Started ,1,,x,,https://www.youtube.com/watch?v=IKqV7DB8Iwg,,,,,,,,,,,,,,,,,,,,,,,,,,,,,,,,,,,,,,,,,,,,,,,,,,,,,,,
2005,Green Day,American Idiot ,1,,x,,https://www.youtube.com/watch?v=Ee_uujKuJMI,,,,,,,,,,,,,,,,,,,,,,,,,,,,,,,,,,,,,,,,,,,,,,,,,,,,,,,
2005,Los Lonely Boys,Heaven ,1,,x,,https://www.youtube.com/watch?v=wvkzoqQ5Oak,,,,,,,,,,,,,,,,,,,,,,,,,,,,,,,,,,,,,,,,,,,,,,,,,,,,,,,
2005,Usher featuring Lil Jon & Ludacris,Yeah ,1,,x,,https://www.youtube.com/watch?v=GxBSyx85Kp8,,,,,,,,,,,,,,,,,,,,,,,,,,,,,,,,,,,,,,,,,,,,,,,,,,,,,,,
2006,U2,Sometimes You Can't Make It on Your Own,,1,,x,https://www.youtube.com/watch?v=c0xAXSgxLUs,1,,,,"0,7",,,,,,,,,,,,,,,,,,,,,,,,,,,,"0,4",1,,,,"0,8",,,,,,,,,,,,,,,,,
2006,Mariah Carey,We Belong Together,1,,x,,https://www.youtube.com/watch?v=0habxsuXW4g,,1,,,,,,,,,,,,,,,,,,,,,,,,,,,,,,,"0,4",,1,,,,,,,,"0,6",,,,,,,,,,,,
2006,Rascal Flatts,Bless the Broken Road,1,,x,,https://www.youtube.com/watch?v=lZp6pmgbZyU,1,,,,,,,,,,,,,"0,3","0,7",,,,,,,,,,,,,,,,,,1,"0,6",,,,"0,4",,,,,,,,,,,,,,,,,
2006,Bruce Springsteen,Devils & Dust,1,,x,,https://www.youtube.com/watch?v=cG8ZQkeZvzc,1,,,,,,,,,,,,,,"0,6",,,,,,,,"0,8",,,,,,,,,,,"0,5",,,,"0,6",,,,,,,,,,,,,,,,,
2006,John Legend,Ordinary People,1,,x,,https://www.youtube.com/watch?v=-1l0NYQUGHU,1,,,,,,,,,,,,,,,,,,,,,,,,,,,,,,,,,,1,,,,,,,,"0,5",,,,,,,,,,,,
2006,Green Day,Boulevard of Broken Dreams,1,,,x,https://www.youtube.com/watch?v=Soa3gO7tL-c,,,,,,,,,,,,,,,,,,,,,,,,,,,,,,,,,,,,,,,,,,,,,,,,,,,,,,,
2006,Gorillaz,Feel Good Inc. ,1,1,x,,https://www.youtube.com/watch?v=HyHNuVaZJ-k,,,,,,,,,,,,,,,,,,,,,,,,,,,,,,,,,,,,,,,,,,,,,,,,,,,,,,,
2006,Gwen Stefani,Hollaback Girl ,1,,x,,https://www.youtube.com/watch?v=Kgjkth6BRRY,,,,,,,,,,,,,,,,,,,,,,,,,,,,,,,,,,,,,,,,,,,,,,,,,,,,,,,
2006,Kanye West,Gold Digger ,1,,x,,https://www.youtube.com/watch?v=6vwNcNOTVzY,,,,,,,,,,,,,,,,,,,,,,,,,,,,,,,,,,,,,,,,,,,,,,,,,,,,,,,
2007,Dixie Chicks,Not Ready to Make Nice,1,,,x,https://www.youtube.com/watch?v=pojL_35QlSI,,1,,,,,,,,,,,,"0,3","0,7",,,,,,,,"0,3",,,,,,,,,,"0,6",1,,,,"0,3",,,,,,,,,,"0,2",,,,,,,
2007,Mary J. Blige,Be Without You,1,,x,,https://www.youtube.com/watch?v=8XNaPX6MKlU,,1,,,,,,,,,,,,,,,,,,,,,,,"0,2",,,,,,,,,,1,,,,,,,,"0,6",,,,,,,,,,,,
2007,James Blunt,You're Beautiful,,1,x,,https://www.youtube.com/watch?v=oofSnsGkops,1,,,,,,,,,,,,,,,,,,,,,,"0,6",,,,,,,,,,1,"0,4",,,,,,,,,,,,,"0,3",,,,,,,,
2007,Corinne Bailey Rae,Put Your Records On,1,,x,,https://www.youtube.com/watch?v=rjOhZZyn30k,,1,,,,,,,,,,,,,,,,,,,,,,,,,,,,,,,"0,8","0,2",1,,,,,,,,"0,7",,,,,,,,,,,,
2007,Carrie Underwood,"Jesus, Take the Wheel",1,,x,,https://www.youtube.com/watch?v=lydBPm2KRaU,,1,,,,,,,,,,,,"0,3","0,7",,,,,,,,,,,,,,,,,,"0,7","0,7",,,,,,,,,,,,,,,,,,,,,
2007,Gnarls Barkley,Crazy,1,,x,,https://www.youtube.com/watch?v=bd2B6SjMh_w,,,,,,,,,,,,,,,,,,,,,,,,,,,,,,,,,,,,,,,,,,,,,,,,,,,,,,,
2008,Amy Winehouse,Rehab,,1,,x,https://www.youtube.com/watch?v=KUmZp8pR1uc,,1,,,,"0,3",,,,,,,,,,,,,,,,,,,,,,,,,,,,,"0,6",,,,,,,,1,"0,3",,,,"0,2",,,,,,,
2008,Carrie Underwood,Before He Cheats,1,,x,,https://www.youtube.com/watch?v=WaSy8yy-mr8,,1,,,,,,,,,,,,"0,3","0,7",,,,,,,,,,,,,,,,,,"0,7",1,,,,"0,4",,,,,,,,,,,,,,,,,
2008,Plain White T's,Hey There Delilah,1,,x,,https://www.youtube.com/watch?v=h_m-BjrxmgI,1,,,,,,,,,,,"0,2",,,,,,,,,,,1,,,,,,,,,,"0,6",,,,,,,,,,,,,,,,,,,,,,
2008,Corinne Bailey Rae,Like a Star,1,,x,,https://www.youtube.com/watch?v=gvH9Ccqk5qc,,1,,,,,,,,,,,,,,,,,,,,,"0,6",,,,,,,,,,,,1,,,,,,,,"0,7",,,,,"0,3",,,,,,,
2008,Jay-Z,Umbrella,1,,x,,https://www.youtube.com/watch?v=CvBfHwUxHIk,,1,,,,,,,"0,2",,,,,,,,,,,,,,,,,,"0,5",,,,,,,,1,,,,,,,,"0,3",,,,,,,,,,,,
2008,Beyoncé,Irreplaceable,1,,x,,https://www.youtube.com/watch?v=2EwViQxSJJQ,,,,,,,,,,,,,,,,,,,,,,,,,,,,,,,,,,,,,,,,,,,,,,,,,,,,,,,
2008,Foo Fighters,The Pretender ,1,,x,,https://www.youtube.com/watch?v=SBjQ9tuuTJQ,,,,,,,,,,,,,,,,,,,,,,,,,,,,,,,,,,,,,,,,,,,,,,,,,,,,,,,
2008,Justin Timberlake,What Goes Around.../...Comes Around ,1,,x,,https://www.youtube.com/watch?v=IC8qPpnD0uE,,,,,,,,,,,,,,,,,,,,,,,,,,,,,,,,,,,,,,,,,,,,,,,,,,,,,,,
2009,Coldplay,Viva la Vida ,,1,,x,https://www.youtube.com/watch?v=dvgZkm1xWPE,1,,,,"0,3",,,,,,,,"0,4",,,,,,,,,,,,,,,,,,,,"0,9",1,,,,,,,,,,,,,,,,,,,,,
2009,Estelle featuring Kanye West,American Boy,1,1,x,,https://www.youtube.com/watch?v=Ic5vxw3eijY,,,1,,,,,,,,,,,,,"0,5","0,6",,,"0,3",,,,,,,"0,4",,,,,,,,"0,7",,,,,,,,,,,,,,,,,,,,
2009,Adele,Chasing Pavements,,1,x,,https://www.youtube.com/watch?v=08DjMT-qR9g,,1,,,,,"0,3",,,,,,,,,,,,,,,,,,,,,,,,,,1,,,,,,,,,,"0,6",,,,,"0,3",,,,,,,
2009,Jason Mraz,I'm Yours,1,,x,,https://www.youtube.com/watch?v=EkHTsc9PU2A,1,,,,,,,,,,,,,,,,,,,,,,"0,5",,,,,,,,,,"0,8",1,,,,,,,,,,,,,,,,,,,,,
2009,Sara Bareilles,Love Song,1,,x,,https://www.youtube.com/watch?v=qi7Yh16dA0w,,1,,,,,,,,,,,,,,"0,7",,,,,,,,,,,,,,,,,"0,7",1,,,,"0,3",,,,,,,,,,,,,,,,,
2009,Alison Krauss & Robert Plant,Please Read the Letter,1,1,,x,https://www.youtube.com/watch?v=L3Xi5gvZ7Kk,,,,,,,,,,,,,,,,,,,,,,,,,,,,,,,,,,,,,,,,,,,,,,,,,,,,,,,
2009,Leona Lewis,Bleeding Love ,,1,x,,https://www.youtube.com/watch?v=7_weSk0BonM,,,,,,,,,,,,,,,,,,,,,,,,,,,,,,,,,,,,,,,,,,,,,,,,,,,,,,,
2009,M.I.A.,Paper Planes ,1,,x,,https://www.youtube.com/watch?v=ewRjZoRtu0Y,,,,,,,,,,,,,,,,,,,,,,,,,,,,,,,,,,,,,,,,,,,,,,,,,,,,,,,
2010,Beyoncé,Single Ladies (Put a Ring on It) ,1,,,x,https://www.youtube.com/watch?v=4m1EFMoRFvY,,1,,,,,,,,,,,,,,1,,,,,,,,,,,,,,,,,"0,4",,"0,4",,,,,,,,,,,,,,,,,,,,
2010,Lady Gaga,Poker Face,1,,x,,https://www.youtube.com/watch?v=bESGLojNYSo,,,1,,,,,,,,,,,,,"0,9",,,,,,"0,8",,,,,"0,2",,,,,,"0,4",,,,,,,,,,,,,,,,,,,,,,
2010,Maxwell,Pretty Wings,1,,x,,https://www.youtube.com/watch?v=eGr9SNcygTw,1,,,,,,,,,,,,,,,,,,,,,,,,,,,,,,,,"0,4",,1,,,,,,,,"0,5",,,,,,,,,,,,
2010,Kings of Leon,Use Somebody,1,,x,,https://www.youtube.com/watch?v=gnhXHvRoUd0,1,,,,1,,,,,,,,,,,,,,,,,,,,,,,,,,,,,"0,4",,,,"0,8",,,,,,,,,,,,,,,,,
2010,Taylor Swift,You Belong With Me,1,,x,,https://www.youtube.com/watch?v=VuNIsY6JdUw,,1,,,,,,,,,,,,"0,8","0,6",,,,,,,,,,,,,,,,,,"0,6",1,,,,"0,5",,,,,,,,,,,,,,,,,
2010,Beyoncé,Halo,1,,x,,https://www.youtube.com/watch?v=bnVUHWCynig,,,,,,,,,,,,,,,,,,,,,,,,,,,,,,,,,,,,,,,,,,,,,,,,,,,,,,,
2010,The Black Eyed Peas,I Gotta Feeling,1,,x,,https://www.youtube.com/watch?v=uSD4vsh1zDA,,,,,,,,,,,,,,,,,,,,,,,,,,,,,,,,,,,,,,,,,,,,,,,,,,,,,,,
2011,Lady Antebellum,Need You Now,1,,,x,https://www.youtube.com/watch?v=eM213aMKTHg,,,1,,,,,,,,,,,"0,3","0,5",,,,,,,,,,,,,"0,8",,,,,"0,6",1,,,,,,,,,,,,,,,,,,,,,
2011,Ray LaMontagne and The Pariah Dogs,Beg Steal Or Borrow,1,,x,,https://www.youtube.com/watch?v=O8_fGCCitEc,1,,,,,,"0,2",,,,,,,,,,,,,,,,"0,7",,,,,,,,,,,"0,4",,,,,,,,,,,,,,,,,,,,,
2011,Cee Lo Green,F**k You,1,,x,,https://www.youtube.com/watch?v=k2ufdwRMy4I,1,,,,,,,,,,,,,,,"0,7",,,,,,,,"0,5",,,,,,,,,"0,8",,,,,,,,,,"0,7",,,,,,,,,,,,
2011,Miranda Lambert,The House That Built Me,1,,x,,https://www.youtube.com/watch?v=DQYNM6SjD_o,,1,,,,,,,,,,,,"0,4",,,,,,,,,"0,8",,,,,,,,,,"0,7",,,,,,,,,,,,,,,,,,,,,,
2011,Eminem featuring Rihanna,Love the Way You Lie,1,,x,,https://www.youtube.com/watch?v=uelHwf8o7_U,,,1,,,,,,,,,,,,,,,,,,,,"0,3",,,,"0,8",,,,,,"0,6","0,3",,,,,,,,,,,,,,,,,,,,,
2011,B.o.B featuring Bruno Mars,Nothin' on You ,1,,x,,https://www.youtube.com/watch?v=8PTDv_szmL0,,,,,,,,,,,,,,,,,,,,,,,,,,,,,,,,,,,,,,,,,,,,,,,,,,,,,,,
2011,Jay Z featuring Alicia Keys,Empire State of Mind ,1,,x,,https://www.youtube.com/watch?v=vz2fsJ0CyaU,,,,,,,,,,,,,,,,,,,,,,,,,,,,,,,,,,,,,,,,,,,,,,,,,,,,,,,
2012,Adele,Rolling in the Deep,,1,,x,https://www.youtube.com/watch?v=rYEDA3JcQqw&list=FLkUqndzfvDfuKlvYSt-MZbw&index=61,,1,,,,,,,,,,,,,,,,,,,,,,,,,,,,,,,"0,7","0,6",,,,,,,,,1,,,,,,,,,,,,
2012,"Kanye West featuring Rihanna, Kid Cudi & Fergie",All of the Lights,1,,x,,https://www.youtube.com/watch?v=HAfFfqiYLp0,,,1,,,,,,"0,5",,,,,,,,,"0,2",,,,,,,,,"0,8",,,,,,,,"0,7",,,,,,,,,,,,,,,,,,,,
2012,Mumford & Sons,The Cave,1,,x,,https://www.youtube.com/watch?v=oMO4xdOS5jY,1,,,,,,,,,,,,,"0,6","0,7",,,,,,,,"0,8",,,,,,,,,,"0,5",,,,,,,,,,,,,,,,,,,,,,
2012,Bruno Mars,Grenade,1,,x,,https://www.youtube.com/watch?v=SR6iYWJxHqs,1,,,,,,,,,,,,,,,,,,,,,,,,,,,,,,,,"0,8","0,9","0,7",,,,,,,,,,,,,,,,,,,,
2012,Bon Iver,Holocene,1,,x,,https://www.youtube.com/watch?v=TWcyIpul8OE,1,,,,,,,,,,,,,,,,,,,,,,1,,,,,,,,,,,,,,,,,,,,,,,,,,,,,,,,
2012,Katy Perry,Firework,1,,x,,https://www.youtube.com/watch?v=QGJuMBdaqIw,,,,,,,,,,,,,,,,,,,,,,,,,,,,,,,,,,,,,,,,,,,,,,,,,,,,,,,
2013,Fun featuring Janelle Monáe,We Are Young ,1,,,x,https://www.youtube.com/watch?v=Sv6dMFF_yts,,,1,,,,,,,,,,,,,,,,,,,,,,,,,1,,,,,,"0,5",,,,"0,8",,1,,,,,,,,,,,,,,,
2013,Ed Sheeran,The A Team,,1,x,,https://www.youtube.com/watch?v=UAWcs5H-qgQ,1,,,,,,,,,,,,,,,,,,,,,,1,,,,,,,,,,"0,4",,,,,,,,,,,,,,,,,,,,,,
2013,Miguel,Adorn,1,,x,,https://www.youtube.com/watch?v=8dM5QYdTo08,1,,,,,,,,,,,,,,,,,,,,,"0,5",,,,,,,,,,,,,1,,,,,,,,,,,,,,,,,,,,
2013,Carly Rae Jepsen,Call Me Maybe,,1,x,,https://www.youtube.com/watch?v=fWNaR-rxAic,,1,,,,,,,,,,,,,,"0,7",,,,,,"0,5",,,,,,,,,,,"0,7",,,,,,,,,,,,,,,,,,,,,,
2013,Kelly Clarkson,Stronger (What Doesn't Kill You),1,,x,,https://www.youtube.com/watch?v=Xn676-fLq7I,,1,,,,,,,,,,,,,,"0,9",,,,,,"0,5",,,,,,,,,,,"0,6",,,,,,,,,,,,,,,,,,,,,,
2013,Gotye featuring Kimbra,Somebody That I Used to Know,,1,,x,https://www.youtube.com/watch?v=8UVNT4wvIGY,,,,,,,,,,,,,,,,,,,,,,,,,,,,,,,,,,,,,,,,,,,,,,,,,,,,,,,
2013,The Black Keys,Lonely Boy ,1,,x,,https://www.youtube.com/watch?v=a_426RiwST8,,,,,,,,,,,,,,,,,,,,,,,,,,,,,,,,,,,,,,,,,,,,,,,,,,,,,,,
2013,Frank Ocean,Thinkin Bout You ,1,,x,,https://www.youtube.com/watch?v=WR9OubA_MqA,,,,,,,,,,,,,,,,,,,,,,,,,,,,,,,,,,,,,,,,,,,,,,,,,,,,,,,
2013,Taylor Swift,We Are Never Ever Getting Back Together ,1,,x,,https://www.youtube.com/watch?v=WA4iX5D9Z64,,,,,,,,,,,,,,,,,,,,,,,,,,,,,,,,,,,,,,,,,,,,,,,,,,,,,,,
2014,Lorde,Royals,,1,,x,https://www.youtube.com/watch?v=nlcIKh6sBtc,,1,,,,,,,,,,,,,,,,,,,,"0,4",,,,,,,,,,,1,,"0,3",,,,,,,,,,,,,,,,,,,,
2014,Pink featuring Nate Ruess,Just Give Me a Reason,1,,x,,https://www.youtube.com/watch?v=OpQFFLBMEPI,,,1,,,,,,,,,,,,,,,,,,,,,,,,,,,,,,1,,,,,,,,,,,,,,,,,,,,,,
2014,Bruno Mars,Locked Out of Heaven,1,,x,,https://www.youtube.com/watch?v=e-fA-gBCkj0,1,,,,,,,,,,,,,,,,,,,,,,,,,,,,,,,,,"0,7",,"0,5",,"0,6",,,,,,,,,,,,,,,,,
2014,Katy Perry,Roar,1,,x,,https://www.youtube.com/watch?v=CevxZvSJLk8,,1,,,,,,,,,,,,,,"0,6",,,,,,"0,3",,,,,,,,,,,1,,,,,,,,,,,,,,,,,,,,,,
2014,Macklemore & Ryan Lewis featuring Mary Lambert,Same Love,1,,x,,https://www.youtube.com/watch?v=hlVBg7_08n0,,,1,,,,,,,,,,,,,,,,,,,,,,,,1,,,,,,,,"0,3",,,,,,,,,,,,,,,,,,,,
2014,Daft Punk featuring Pharrell Williams & Nile Rodgers,Get Lucky,1,1,,x,https://www.youtube.com/watch?v=5NV6Rdv1a3I,,,,,,,,,,,,,,,,,,,,,,,,,,,,,,,,,,,,,,,,,,,,,,,,,,,,,,,
2014,Imagine Dragons,Radioactive ,1,,x,,https://www.youtube.com/watch?v=ktvTqknDobU,,,,,,,,,,,,,,,,,,,,,,,,,,,,,,,,,,,,,,,,,,,,,,,,,,,,,,,
2014,Robin Thicke featuring T.I. & Pharrell Williams,Blurred Lines ,1,,x,,https://www.youtube.com/watch?v=yyDUC1LUXSU,,,,,,,,,,,,,,,,,,,,,,,,,,,,,,,,,,,,,,,,,,,,,,,,,,,,,,,
2015,Sam Smith,Stay with Me (Darkchild version),,1,,x,https://www.youtube.com/watch?v=TkgE5HPaQ1I,,,1,,,,,,,,,,,,,,,,,,,,,,"0,4",,,,,,,,"0,8",,1,,,,,,,,"0,7",,,,,,,,,,,,
2015,Hozier,Take Me to Church,,1,x,,https://www.youtube.com/watch?v=PVjiKRfKpPI,1,,,,,,,,,,,,,,,,,,,,,,,,"0,2",,,,,,,,"0,7",,"0,6",,,,,,,,"0,4",,,,,,,,,,,,
2015,Sia,Chandelier,,1,x,,https://www.youtube.com/watch?v=2vjPBrBU-TM,,1,,,,,,,,,,,,,,,,,,,,"0,6",,,,,,,,,,,1,,"0,6",,,,,,,,,,,,,,,,,,,,
2015,Taylor Swift,Shake It Off,1,,x,,https://www.youtube.com/watch?v=nfWlot6h_JM,,1,,,,,,,,,,,,,,1,,,,,,,,,,,,,,,,,,,,,,,,,,,,,,,,,,,,,,,
2015,Meghan Trainor,All About That Bass,1,,x,,https://www.youtube.com/watch?v=7PCkvCPvDXk,,1,,,,,,,,,,,,,,"0,5",,,,,,,,,,,,,,,,,"0,8",,"0,6",,,,,,,,"0,7",,,,,,,,,,,,
2015,Iggy Azalea featuring Charli XCX,Fancy,,1,x,,https://www.youtube.com/watch?v=O-zpOMYRi0w,,,,,,,,,,,,,,,,,,,,,,,,,,,,,,,,,,,,,,,,,,,,,,,,,,,,,,,
2016,Ed Sheeran,Thinking Out Loud,,1,,x,https://www.youtube.com/watch?v=lp-EO5I60KA,1,,,,,,,,,,,,,,,,,,,,,,"0,4",,,,,,,,,,1,,"0,6",,,,,,,,"0,6",,,,,,,,,,,,
2016,Kendrick Lamar,Alright,1,,x,,https://www.youtube.com/watch?v=Z-48u_uWMHY,1,,,,,,,,,,,,,,,,,,,,,,,,,,1,,"0,3",,,,,,,,,,,,,,,"0,3",,,,,,,,,,,
2016,Taylor Swift,Blank Space,1,,x,,https://www.youtube.com/watch?v=e-ORhEE9VVg,,1,,,,,,,,,,,,,,"0,4",,,,,,"0,6",,,,,,,,,,,1,,,,,,,,,,,,,,,,,,,,,,
2016,Little Big Town,Girl Crush,1,,x,,https://www.youtube.com/watch?v=JYZMT8otKdI,,1,,,,,,,,,,,,"0,3",,,,,,,,,,,,,,,,,,,"0,8",,,,,,,,,,"0,7",,,,,,,,,,,,
2016,Wiz Khalifa featuring Charlie Puth,See You Again,1,,x,,https://www.youtube.com/watch?v=RgKAFK5djSk,1,,,,,,,,,,,,,,,,,,,,,,,,,,"0,6",,,,,,"0,4",,"0,6",,,,,,,,,,,,,,,,,,,,
2016,Mark Ronson featuring Bruno Mars,Uptown Funk,1,,,x,https://www.youtube.com/watch?v=OPf0YbXqDm0,,,,,,,,,,,,,,,,,,,,,,,,,,,,,,,,,,,,,,,,,,,,,,,,,,,,,,,
2016,D'Angelo & The Vanguard,Really Love ,1,,x,,https://www.youtube.com/watch?v=mVsQwJfWzoI,,,,,,,,,,,,,,,,,,,,,,,,,,,,,,,,,,,,,,,,,,,,,,,,,,,,,,,
2016,The Weeknd,Can't Feel My Face ,1,,x,,https://www.youtube.com/watch?v=KEI4qSrkPAs,,,,,,,,,,,,,,,,,,,,,,,,,,,,,,,,,,,,,,,,,,,,,,,,,,,,,,,
2017,Adele,Hello,,1,,x,https://www.youtube.com/watch?v=YQHsXMglC9A,,1,,,,,,,,,,,,,,,,,,,,,,,,,,,,,,,"0,8",,,,,,,,,,"0,7",,,,,,,,,,,,
2017,Beyoncé,Formation,1,,x,,https://www.youtube.com/watch?v=WDZJPJV__bQ,,1,,,,,,,,,,,,,,,,,,,"0,3",,,,,,"0,7",,,,,,,,"0,4",,,,,,,,,,,,,,,,,,,,
2017,Mike Posner,I Took a Pill in Ibiza,1,,x,,https://www.youtube.com/watch?v=41GZVVcxQps,1,,,,,,,,,,,,,,,,,,,,,,"0,8",,,,,,,,,,1,,"0,2",,,,,,,,,,,,,,,,,,,,
2017,Justin Bieber,Love Yourself,,1,x,,https://www.youtube.com/watch?v=oyEuk8j8imI,1,,,,,,,,,,,,,,,,,,,,,,,,,,,,,,,,1,,"0,3",,,,,,,,,,,,,,,,,,,,
2017,Lukas Graham,7 Years,,1,x,,https://www.youtube.com/watch?v=LHCob76kigA,1,,,,,,,,,,,,,,,,,,,,,,,,,,,,,,,,"0,8",,,,,,,,,,"0,7",,,,,,,,,,,,
2017,Rihanna featuring Drake,Work ,1,,x,,https://www.youtube.com/watch?v=HL1UzIK-flA,,,,,,,,,,,,,,,,,,,,,,,,,,,,,,,,,,,,,,,,,,,,,,,,,,,,,,,
2017,Twenty One Pilots,Stressed Out ,1,,x,,https://www.youtube.com/watch?v=pXRviuL6vMY,,,,,,,,,,,,,,,,,,,,,,,,,,,,,,,,,,,,,,,,,,,,,,,,,,,,,,,
2018,Bruno Mars,That's What I Like,1,,,x,https://www.youtube.com/watch?v=PMivT7MJ41M,1,,,,,,,,,,,,,,,,,,,,,,,"0,3",,,"0,5",,,,,,,,"0,8",,,,,,,,"0,7",,,,,,,,,,,,
2018,Luis Fonsi & Daddy Yankee ft. Justin Bieber,Despacito,1,1,x,,https://www.youtube.com/watch?v=72UO0v5ESUo,1,,,,,,,,,,,,,,,,,,,,,,,,,,"0,4",,,1,,,,,,,1,,,,,,,,,,,,,,,,,,
2018,Jay-Z,4:44,1,,x,,https://www.youtube.com/watch?v=zSkA61esq_c,,,1,,,,,,,,,,,,,,,,,,,,,,,,1,,,,,,,,,,,,,,,,"0,6",,,,,,,,,,,,
2018,Julia Michaels,Issues,1,,x,,https://www.youtube.com/watch?v=9Ke4480MicU,,1,,,,,,,,,,"0,3",,,,,,,,,,,,,,,,,,,,,1,,,,,,,,,,,,,,,,,,,,,,
2018, Logic ft. Alessia Cara & Khalid,1-800-273-8255,1,1,x,,https://www.youtube.com/watch?v=Kb24RrHIbFk,,,1,,,,,,,,,,,,,,,,,,,,,,,,"0,9",,,,,,"0,6",,"0,5",,,,,,,,,,,,,,,,,,,,
2018,Bruno Mars,24K Magic,1,,,x,https://www.youtube.com/watch?v=UqyT8IEBkvY,,,,,,,,,,,,,,,,,,,,,,,,,,,,,,,,,,,,,,,,,,,,,,,,,,,,,,,
2018,Childish Gambino,Redbone,1,,x,,https://www.youtube.com/watch?v=Kp7eSUU9oy8,,,,,,,,,,,,,,,,,,,,,,,,,,,,,,,,,,,,,,,,,,,,,,,,,,,,,,,
2018,Jay-Z,The Story of O.J. ,1,,x,,https://www.youtube.com/watch?v=RM7lw0Ovzq0,,,,,,,,,,,,,,,,,,,,,,,,,,,,,,,,,,,,,,,,,,,,,,,,,,,,,,,
2018,Kendrick Lamar,Humble,1,,x,,https://www.youtube.com/watch?v=tvTRZJ-4EyI,,,,,,,,,,,,,,,,,,,,,,,,,,,,,,,,,,,,,,,,,,,,,,,,,,,,,,,
2019,Childish Gambino,This Is America,1,,,x,https://www.youtube.com/watch?v=VYOjWnS4cMY,,,1,,,,,,,,,,,,,,,,,,,,,,,,"0,9",,,,,,,,,,,,,,,,,,,,,,,,,,,,
2019,Kendrick Lamar & SZA,All the Stars,1,,x,,https://www.youtube.com/watch?v=GfCqMv--ncA,,,1,,,,,,,,,,,,,,,,,,,,,,,,"0,7",,,,,,"0,4",,"0,8",,,,,,,,,,,,,,,,,,,,
2019,Ella Mai,Boo'd Up,1,,x,,https://www.youtube.com/watch?v=6YNZlXfW6Ho,,1,,,,,,,,,,,,,,,,,,,,,,,,,,,,,,,,,1,,,,,,,,,,,,,,,,,,,,
2019,Drake,God's Plan,1,,x,,https://www.youtube.com/watch?v=xpVfcZ0ZcFM,1,,,,,,,,,,,,,,,,,,,,,,,,,,"0,8",,,,,,"0,6",,,,,,,,,,,,,,,,,,,,,,
2019,Shawn Mendes,In My Blood,,1,x,,https://www.youtube.com/watch?v=36tggrpRoTI,1,,,,,,,,,,,,,,,,,,,,,,"0,2",,,,,,,,,,"0,9",1,,,,"0,6",,,,,,,,,,,,,,,,,
2019,Brandi Carlile,The Joke,1,,x,,https://www.youtube.com/watch?v=5r6A2NexF88,,1,,,,,,,,,,,"0,3",,,,,,,,,,,,,,,,,,,,1,"0,6",,,,,,,,,,,,,,,,,,,,,
2019,"Zedd, Maren Morris & Grey",The Middle,1,1,x,,https://www.youtube.com/watch?v=Lj6Y6JCu-l4,,1,,,,,,,,,,,,,,"0,7",,,,,,,,,,,,,,,,,1,,,,,,,,,,,,,,,,,,,,,,
2019,Lady Gaga & Bradley Cooper,Shallow,1,,x,,https://www.youtube.com/watch?v=bo_efYhYU2A,,,1,,,,,,,,,,,,,,,,,,,,"0,7",,,,,,,,,,1,"0,5",,,,,,,,,,,,,,,,,,,,,
2019,"Cardi B, Bad Bunny & J Balvin",I Like It ,1,,x,,https://www.youtube.com/watch?v=xTlNMmZKwpA,,,1,,,,,,,,,,,,,,,,,"0,4",,,,"0,2",,,,,,,1,,,,,,,,,,"0,4",,,,,,"0,6",,,,,,,,"0,2"
2019,Post Malone featuring 21 Savage,Rockstar ,1,,x,,https://www.youtube.com/watch?v=UceaB4D0jpo,1,,,,,,,,,,,,,,,,,,,"0,3",,,,"0,2","0,3",,,,,,"0,8",,,,,,,,,,"0,4",,,,,,,,,,,,,,
